sku_id,supplier_id,cost_price
1,6,1530.44
1,3,1509.98
2,7,2989.19
3,16,3627.37
3,4,3644.25
4,2,1344.8
5,1,816.89
6,12,2001.17
6,2,2124.3
7,13,4213.26
8,8,4139.3
9,13,1499.35
10,12,1271.36
11,8,1669.25
11,15,1663.33
12,1,858.85
12,15,791.86
13,10,1887.3
14,10,863.86
14,14,818.68
15,10,1135.93
16,4,2413.92
17,2,904.87
18,9,2032.05
19,9,2182.26
20,11,1853.41
20,3,1813.0
21,8,4501.85
21,15,4555.97
22,9,5505.36
23,6,4846.73
24,13,715.54
25,15,2169.09
26,2,1922.26
26,7,1870.79
27,13,3270.23
28,17,2425.9
29,11,832.83
29,15,893.11
30,11,1111.76
31,18,1607.5
32,8,3030.13
33,14,8245.62
34,7,1319.78
35,4,1363.27
35,8,1342.22
36,8,2606.04
36,4,2592.32
37,18,1097.47
38,1,6618.53
39,16,7368.52
40,2,1946.16
41,4,1124.05
42,9,2069.13
43,18,2953.64
43,9,2920.37
44,8,12471.56
45,10,1884.24
46,1,1997.94
47,7,11127.51
48,12,1998.25
49,10,1551.5
50,2,2000.1
50,10,2081.88
51,15,2573.48
51,17,2615.05
52,14,2421.13
52,5,2405.53
53,7,3168.06
53,17,3167.37
54,13,1405.32
55,7,1858.07
56,16,2500.24
57,11,2124.1
58,18,5390.94
59,8,2888.16
60,5,4419.71
60,10,4134.53
61,9,2565.59
62,16,8327.49
63,8,6621.6
64,1,1277.47
65,12,1071.8
66,7,1879.01
67,14,2781.63
68,9,3927.37
69,10,4719.53
70,9,5041.64
71,13,1369.62
71,4,1477.61
72,4,3695.66
72,8,3529.34
73,12,3219.56
73,13,3293.57
74,4,4042.44
75,11,2032.01
76,6,3790.6
76,7,3938.56
77,15,1576.15
77,16,1567.38
78,11,10012.36
79,12,718.39
80,13,1372.9
80,17,1392.83
81,6,1448.31
82,2,7763.61
82,14,7395.63
83,8,2192.28
83,9,2251.75
84,1,882.42
85,9,1606.74
85,15,1573.18
86,13,1209.96
87,8,1225.35
88,8,850.75
88,13,854.66
89,10,760.28
90,7,2296.25
91,7,3320.4
92,7,2789.34
93,5,11573.49
93,17,11054.14
94,1,774.61
94,5,767.65
95,11,5718.24
95,15,5464.29
96,3,1559.2
97,11,6327.39
98,12,4091.57
98,17,4169.18
99,14,12707.93
100,6,14117.07
101,9,13549.36
102,8,5836.99
103,17,2367.19
103,13,2386.41
104,5,14598.5
104,14,14152.82
105,11,66235.12
105,3,65020.02
106,10,13698.02
107,6,13410.92
108,16,35500.33
109,14,28575.23
110,6,8968.13
111,3,30387.78
112,4,11840.26
113,17,3580.44
114,8,4653.49
115,2,66942.53
116,9,1754.66
117,18,13483.67
118,2,13739.96
119,9,86077.94
120,18,5447.9
121,14,6469.64
122,5,88188.36
123,10,3315.48
124,18,820.08
125,8,1512.16
126,1,918.23
126,16,945.37
127,8,22586.3
127,6,22375.94
128,15,6834.35
128,11,6521.1
129,4,3511.47
130,6,963.86
130,2,958.32
131,18,38902.12
132,17,1164.21
133,5,3328.02
133,6,3365.94
134,13,13976.61
134,15,13669.55
135,13,1108.52
136,2,1365.73
136,10,1421.88
137,14,5100.27
137,15,5184.68
138,18,21504.67
139,11,17622.72
140,1,44499.15
141,16,14910.18
142,2,2509.57
142,17,2330.09
143,9,1164.54
144,17,3291.01
145,18,72677.83
146,12,6980.7
146,16,6389.06
147,9,73848.09
148,3,6846.52
149,7,32488.09
149,3,33272.15
150,14,10287.43
151,5,5633.8
151,13,5679.32
152,6,5594.82
153,9,12346.16
154,16,18474.32
155,6,2872.19
155,14,3066.1
156,14,1853.75
156,13,1723.54
157,12,2566.35
158,5,6482.28
159,11,6357.82
160,7,32425.7
161,17,2321.49
162,12,13283.59
163,15,25968.88
164,5,4649.34
164,10,4660.48
165,14,19028.96
166,7,1783.23
167,10,14134.62
168,4,4808.12
168,13,4879.62
169,15,2965.56
170,7,2880.57
170,9,2963.13
171,5,2457.12
171,7,2406.5
172,13,13171.35
172,4,13511.01
173,10,6825.04
173,1,6863.97
174,12,19853.94
175,9,4150.92
175,17,3927.76
176,15,7547.36
177,8,2754.81
177,11,3026.45
178,4,4394.7
178,15,4469.33
179,6,5071.52
180,14,7648.51
180,10,7905.09
181,18,3939.01
182,4,15283.94
183,2,7618.97
184,7,4948.79
185,14,7800.16
186,9,6417.32
187,15,9431.66
188,10,9865.38
189,1,6469.37
190,3,12194.43
190,4,11688.79
191,10,28781.39
192,2,15588.08
193,13,5672.18
193,8,5303.71
194,3,6389.91
195,2,5550.75
196,17,1841.73
197,5,6324.55
198,17,4440.63
199,2,11322.38
199,13,11343.76
200,11,1712.87
201,2,8008.96
201,6,7541.3
202,7,6397.9
202,11,6144.24
203,12,15258.67
203,9,14984.9
204,13,9430.54
204,17,9971.62
205,14,2436.57
205,16,2417.21
206,7,9465.43
207,15,3802.6
208,3,3277.58
208,9,3415.53
209,16,4312.22
210,3,11447.12
211,6,6049.22
211,11,6503.18
212,4,12427.17
213,13,1317.45
213,11,1343.22
214,9,2018.11
214,11,1979.46
215,2,12744.49
215,13,12373.27
216,4,5526.58
217,5,2190.32
218,16,11433.19
218,5,11594.52
219,13,12391.51
220,3,4132.64
221,10,2290.24
221,8,2332.34
222,16,5955.13
223,5,4400.69
224,8,2773.77
224,17,2692.26
225,12,60472.98
226,8,6025.91
227,14,17469.85
228,15,3836.92
229,5,9108.7
230,4,2967.52
231,1,1848.11
232,11,1006.44
233,6,4568.15
234,2,13830.31
234,17,14779.01
235,11,3357.36
236,6,4699.51
237,10,7307.81
238,6,2280.04
239,12,3371.56
239,2,3254.79
240,17,3630.95
241,14,2465.22
242,5,15295.67
243,2,7597.8
244,14,5419.05
245,5,4214.35
246,12,5862.67
246,8,6169.75
247,13,7125.05
247,7,6879.24
248,12,7617.79
249,2,5230.0
249,7,5230.78
250,15,27346.77
250,6,26508.41
251,14,2547.41
251,1,2669.85
252,4,20202.54
253,9,2555.85
254,7,1790.61
254,12,1916.64
255,4,41356.91
256,18,7312.7
257,16,2546.66
257,14,2418.2
258,6,2866.61
259,16,7953.43
259,1,8266.6
260,11,4440.72
261,17,3915.42
262,14,8519.97
262,15,7952.73
263,10,3879.02
263,4,4069.1
264,11,1577.3
264,3,1627.35
265,6,1488.74
266,10,12219.25
267,13,696.87
268,4,4232.84
269,7,6488.39
270,11,3821.54
271,15,2463.08
272,1,3473.05
272,16,3503.56
273,12,2632.1
273,16,2635.55
274,7,2113.74
275,11,17166.73
276,11,2033.09
277,13,3382.16
278,14,670.42
278,17,701.99
279,7,14706.67
279,4,14641.25
280,4,10993.83
281,8,5320.33
282,14,6378.13
283,17,10068.38
284,4,3412.94
285,14,1814.24
286,13,5525.42
287,17,22535.49
288,13,2403.25
289,7,20990.72
290,3,6089.54
291,11,6877.02
292,1,5795.29
292,12,5461.69
293,7,8856.78
294,6,4007.34
294,1,4013.93
295,12,597.85
296,17,15065.68
296,18,13872.46
297,14,3729.1
298,3,2699.18
299,7,4722.18
300,3,4270.32
301,2,17087.41
302,11,3223.18
303,17,3189.31
304,13,4982.44
305,17,6827.77
306,1,2920.49
307,18,2207.28
308,5,11948.6
308,2,12172.47
309,12,2801.5
309,15,2711.94
310,5,3603.99
311,15,5854.58
312,8,2612.66
313,13,7736.19
314,3,22312.16
314,18,22455.53
315,14,2637.67
315,16,2691.83
316,9,9757.96
317,18,2206.48
318,4,12102.98
319,12,5797.26
320,3,12222.78
321,11,5542.59
321,13,5639.39
322,16,1455.97
323,1,4579.83
324,15,2817.64
325,18,3220.59
325,12,3484.18
326,17,4792.73
326,4,4748.58
327,12,3284.7
328,7,31833.55
329,14,3200.33
330,14,2294.43
330,4,2477.69
331,3,6156.73
332,11,10911.54
333,1,1424.19
334,8,11764.24
335,15,2215.28
336,7,2807.29
337,11,4864.56
338,10,10161.15
338,2,10733.63
339,14,965.04
339,17,995.6
340,12,3366.07
340,5,3541.28
341,6,3120.53
342,3,17672.32
343,18,13192.9
344,7,4886.99
345,6,6128.71
345,3,6016.06
346,9,13410.53
347,15,3927.32
347,13,3725.29
348,11,10556.99
348,5,11129.36
349,13,18114.96
349,8,17551.72
350,10,24598.01
350,14,24386.33
351,16,23317.27
351,10,23103.36
352,2,12266.59
353,17,6395.85
353,4,6332.19
354,11,5458.48
355,8,3460.93
355,5,3337.43
356,3,27588.26
357,3,3289.19
358,17,13609.98
358,14,12937.78
359,5,32127.0
360,15,4558.78
360,5,4771.4
361,18,609.18
362,12,15853.56
363,1,96338.02
364,2,7740.59
365,13,11341.81
366,8,9011.34
366,16,8861.63
367,3,7302.29
368,3,3487.55
368,11,3490.74
369,12,20098.34
370,8,2591.14
371,12,2048.74
372,17,3961.67
372,14,3931.31
373,1,2678.7
374,17,10139.0
375,9,8881.97
376,3,4452.06
377,14,2926.69
378,16,5550.15
379,16,3577.32
380,16,5656.84
381,5,5197.96
382,15,29225.39
383,2,6063.49
383,9,6299.75
384,10,16208.84
385,11,5438.15
386,15,29242.11
387,3,5261.1
388,4,24393.59
389,5,5334.4
389,4,5620.1
390,13,6991.15
391,11,17114.85
392,17,6706.9
393,11,19541.05
394,1,18199.38
394,11,16995.49
395,3,13470.49
395,16,12923.25
396,1,6925.69
396,4,6342.24
397,5,1753.23
398,7,9772.16
399,18,7906.98
400,17,8724.53
401,1,4077.3
402,14,9122.68
403,3,2969.52
403,9,2864.39
404,17,3629.95
405,1,14460.32
405,8,15398.14
406,16,3590.03
407,16,4820.31
408,16,25848.4
409,7,11225.86
410,12,3388.42
411,7,16516.95
412,12,15204.28
413,8,19023.83
414,13,5292.33
414,18,5607.92
415,6,5110.26
415,9,4997.06
416,8,16866.91
416,6,17955.25
417,6,2826.07
418,15,7887.72
419,13,25136.17
420,9,5192.01
421,17,3388.33
422,17,3670.07
423,3,6820.85
424,11,18141.45
424,7,17759.05
425,1,8535.77
426,12,2741.67
427,1,5655.86
428,11,7894.83
429,6,6812.87
430,4,7695.8
431,7,17488.75
432,16,23406.43
432,4,22805.66
433,4,13542.39
434,15,17327.17
434,12,17403.05
435,4,9623.85
436,4,4608.21
437,9,18312.78
438,4,5899.38
439,18,7385.53
440,11,8018.23
441,1,5250.13
442,12,4834.93
443,10,4525.66
443,11,4519.17
444,15,8261.51
445,18,9933.71
446,16,3280.72
446,11,3241.41
447,9,14248.58
447,18,14386.92
448,15,4247.29
448,2,4299.71
449,6,6441.24
450,15,5504.67
451,1,5241.73
452,7,12669.0
452,12,13023.42
453,18,2717.52
454,4,7849.76
455,3,3950.24
456,13,4705.62
457,6,4201.92
458,14,6996.8
459,4,6400.14
460,17,6566.75
460,9,6362.58
461,12,23183.06
462,13,8208.64
463,18,7179.32
464,2,4272.29
465,14,15524.34
466,6,3158.11
466,7,3180.32
467,4,17516.25
468,6,10533.94
469,7,7441.9
469,1,7585.23
470,14,31911.03
470,13,30914.62
471,1,3903.86
471,8,3882.18
472,16,18810.59
472,4,19414.28
473,5,30308.1
474,7,4236.03
475,2,22066.68
476,14,11626.12
477,6,5172.37
477,8,5290.08
478,4,7265.53
478,12,7761.9
479,4,12633.66
480,17,4996.29
481,12,6978.87
482,18,11422.53
483,2,12526.81
484,13,13661.51
485,10,6500.04
486,6,5682.21
486,3,5901.43
487,3,3053.13
488,16,10105.1
489,15,16893.62
490,14,29930.11
490,8,29229.05
491,3,4250.55
491,11,4299.79
492,14,6389.62
492,13,6891.45
493,11,2301.73
494,11,10236.95
495,4,1536.66
495,18,1622.63
496,1,6598.47
497,4,18676.35
498,15,16371.39
498,11,16013.02
499,4,17792.38
500,8,37604.31
501,13,9522.89
501,3,9548.92
502,15,12096.37
503,8,15099.22
504,6,12446.19
505,18,13753.6
506,9,4549.52
507,16,4888.16
508,3,9657.03
509,14,36491.58
510,9,9448.93
511,16,4651.81
512,12,6240.66
513,13,21442.82
514,11,194910.74
515,18,3338.9
516,14,5119.58
516,7,5268.29
517,15,41648.38
517,4,42823.93
518,6,3403.27
519,12,14922.17
519,9,15331.8
520,9,5605.96
521,18,4452.75
522,4,6454.31
522,7,6232.71
523,15,9040.37
524,15,21682.92
524,18,20743.6
525,2,6988.08
525,1,6542.94
526,8,10733.29
527,17,19372.63
528,6,4662.83
529,13,5514.03
530,8,6126.94
531,15,3127.74
532,12,14174.77
532,2,14171.47
533,18,6923.1
533,3,6687.35
534,11,27421.35
534,3,26781.42
535,6,9441.82
536,3,3292.93
537,18,10016.11
538,4,18656.68
538,2,19831.09
539,16,3848.01
540,11,3695.74
541,15,22129.22
542,18,2353.11
543,7,3115.59
544,14,13955.39
545,15,3757.11
546,12,1424.18
547,9,2398.98
548,6,10007.72
549,17,20406.92
549,10,20616.02
550,8,3133.57
550,16,3199.01
551,4,7671.05
552,11,5979.56
552,13,5920.13
553,16,3027.82
554,14,3266.96
555,2,13028.28
556,4,2080.88
557,4,2147.1
558,2,4173.77
558,7,4230.95
559,18,4512.16
559,17,4663.34
560,3,8334.55
560,11,8076.91
561,3,6183.27
561,15,5794.34
562,6,5266.89
562,3,5624.2
563,9,563.22
564,16,3541.9
565,17,3576.25
566,9,3493.42
567,1,6641.95
568,3,933.48
569,17,22664.59
569,4,23128.75
570,9,3536.85
571,7,4975.0
571,17,5340.6
572,12,2144.59
573,10,2234.67
574,8,3395.13
575,5,1415.44
576,17,41160.07
577,10,2406.44
578,10,13523.84
579,2,3746.73
580,14,2441.15
580,4,2312.28
581,10,4468.13
582,14,3735.49
583,5,2360.15
584,13,5512.5
585,18,6018.11
586,6,3829.09
587,5,6887.94
588,18,6030.75
589,9,9434.58
589,5,9491.38
590,7,7515.98
591,6,12029.75
592,8,4303.76
592,6,4492.39
593,15,10859.9
594,16,1733.5
594,6,1699.8
595,12,6880.43
595,8,7103.77
596,7,3831.67
597,15,6237.26
597,11,6627.48
598,17,2726.26
599,14,5782.66
599,11,5736.01
600,3,3958.86
600,13,4122.43
601,4,9085.14
602,9,7489.81
602,6,7023.75
603,18,674.16
604,9,4583.19
605,13,1353.09
605,17,1391.23
606,12,6029.15
607,14,3947.51
608,17,15032.11
608,18,14695.68
609,8,15666.72
609,6,16586.29
610,10,17662.33
611,6,4811.36
612,7,2763.83
612,2,2826.29
613,8,14225.41
614,14,52232.32
615,10,16876.79
615,7,16870.76
616,10,16015.44
617,2,27537.53
618,14,28373.89
619,4,11186.35
620,9,37739.87
620,13,37127.41
621,2,11251.67
622,9,2975.37
623,4,4079.12
624,7,65257.17
625,11,1629.67
626,18,11068.04
627,2,14839.78
628,10,81192.97
628,1,82634.09
629,8,4415.39
630,10,5718.32
630,14,5407.24
631,13,82384.42
632,8,3953.57
633,2,973.52
633,14,972.64
634,15,1638.62
635,5,819.44
635,1,842.19
636,9,19585.62
637,16,6298.47
638,15,3979.41
638,3,3962.59
639,12,874.34
640,10,37420.05
640,11,36091.55
641,8,1080.21
642,3,3587.19
643,16,13387.87
643,1,12805.26
644,11,925.28
645,14,1270.87
646,17,6007.17
647,16,22101.52
648,15,20243.32
649,16,42691.82
649,1,41230.21
650,11,13913.76
651,16,2363.18
652,3,1141.24
652,1,1239.53
653,18,3590.87
654,14,85077.86
655,14,7683.31
655,3,7417.79
656,4,61012.18
657,18,6898.38
658,14,36515.43
659,17,12378.32
659,12,11398.53
660,5,5119.26
660,17,5213.72
661,11,5634.09
662,16,16364.35
662,15,15391.61
663,18,19310.82
664,10,2493.36
665,7,1728.42
665,17,1775.03
666,13,2146.63
667,10,5908.77
668,12,6358.42
668,18,6576.48
669,1,26183.74
669,7,26189.11
670,3,2400.02
671,15,12131.85
671,9,12107.32
672,7,30498.39
673,5,4138.9
673,7,3939.72
674,7,21784.14
675,10,1580.43
676,2,17392.16
677,10,4781.4
678,16,3181.98
679,3,3421.67
680,3,2644.41
681,16,17299.04
681,11,17074.37
682,6,6309.69
683,4,18770.27
684,16,4164.4
685,14,9479.59
685,6,9906.76
686,1,2895.07
686,6,2654.55
687,18,4752.42
688,15,4245.54
689,9,9708.72
690,8,3900.34
690,3,3692.61
691,8,15883.98
692,3,6555.07
693,14,4307.3
693,4,4090.99
694,14,8050.64
695,16,4991.41
696,7,8912.47
697,8,8865.84
698,5,6105.06
699,6,11787.18
700,13,29967.73
701,4,14206.28
702,18,4094.27
703,10,6193.26
704,16,5361.46
705,13,1738.8
706,11,7342.53
706,5,7452.1
707,9,3650.08
708,2,11004.19
708,4,11275.58
709,5,1496.66
710,14,7678.3
711,4,7511.24
712,15,16203.2
713,14,8633.19
714,1,2453.3
715,6,11305.48
716,10,4646.33
716,6,4659.3
717,18,3606.81
718,7,5999.77
718,6,5656.19
719,13,11914.38
720,14,6765.57
721,16,14678.48
721,18,13393.02
722,12,1199.27
723,18,1776.76
724,15,12653.55
725,5,6303.06
725,2,5984.88
726,7,2598.9
726,12,2756.27
727,6,8861.41
728,1,12851.22
728,3,13309.35
729,6,3364.92
730,4,2017.08
731,18,5398.05
732,11,5819.39
732,12,5759.16
733,1,3032.9
734,14,67301.37
735,9,6392.39
736,14,16606.31
737,1,3821.09
738,5,8429.76
739,8,2798.34
740,5,1486.94
741,17,962.49
741,9,975.87
742,15,4160.96
742,11,4178.04
743,18,14671.79
744,4,3645.84
745,11,3971.95
746,17,8777.61
747,3,2578.33
748,9,3195.71
749,18,4741.78
750,3,2299.53
751,9,12155.47
751,12,12713.69
752,7,7847.57
753,11,5658.28
753,2,5926.37
754,13,4694.6
754,16,4589.13
755,9,4509.02
756,11,8110.94
757,5,6475.18
757,15,6956.58
758,2,4777.09
759,11,27711.36
760,12,2985.9
760,7,2839.02
761,4,18988.84
761,7,17997.01
762,3,2125.69
763,13,1888.93
764,1,46885.55
765,10,5906.29
766,12,2218.11
767,10,2845.83
767,8,2759.91
768,18,9283.72
769,3,4913.73
770,10,4084.43
770,9,4391.96
771,8,6174.52
771,10,6180.55
772,8,4951.71
773,1,1385.13
774,14,1293.75
774,13,1274.75
775,3,12926.13
776,12,579.84
777,3,3644.04
778,3,7185.96
778,6,7286.59
779,1,4253.49
780,17,2166.88
780,5,2129.38
781,4,3404.94
781,3,3221.32
782,3,2227.87
782,9,2416.02
783,18,1762.38
784,9,16547.31
785,15,1756.77
786,15,3531.9
786,4,3712.06
787,12,665.51
788,9,14098.51
789,14,10296.9
790,13,5049.98
791,7,5896.8
792,16,10501.22
793,13,3989.88
793,9,3904.43
794,9,1883.63
794,7,1804.44
795,6,5434.83
795,15,5209.5
796,10,25582.69
796,7,26945.65
797,6,2554.74
797,4,2570.73
798,1,21387.38
799,17,6023.37
799,5,6374.67
800,11,9101.12
801,7,7143.37
802,16,7865.58
803,15,4454.49
804,16,674.46
805,14,14489.87
806,6,3679.18
806,17,3914.41
807,8,3311.1
808,4,5018.47
809,4,4669.68
810,13,16693.12
810,10,17092.5
811,11,3809.61
811,15,3856.7
812,1,3571.91
812,15,3566.93
813,2,4479.68
814,5,7329.93
815,8,2876.68
816,16,2253.87
817,9,12981.01
818,2,2516.19
818,15,2630.33
819,15,3290.0
820,9,5725.32
820,15,5826.78
821,4,3161.1
821,10,3244.4
822,3,8080.68
823,1,18030.78
824,11,2355.9
824,1,2265.71
825,15,9093.86
825,3,9747.51
826,4,2557.33
827,4,12095.35
828,14,5929.55
828,5,6060.27
829,2,13984.85
829,15,14237.75
830,7,5606.11
831,7,1338.24
832,11,4322.67
833,18,2497.57
833,3,2685.75
834,17,2523.03
835,11,4545.82
836,4,3098.44
836,9,3176.02
837,5,35081.14
838,12,2992.61
839,9,2744.1
840,8,6333.29
841,17,9110.64
842,15,1641.81
842,14,1755.09
843,11,12087.94
844,16,2891.84
845,8,2741.72
846,1,4443.03
847,9,8351.51
847,12,8127.35
848,17,1129.88
848,7,1098.66
849,11,3947.01
850,3,3131.97
851,9,15694.79
852,5,14628.13
852,8,14763.24
853,17,4363.87
854,2,6996.88
855,5,11864.18
856,16,3317.33
857,13,10741.79
858,15,19460.26
858,12,18469.56
859,13,23514.94
860,7,19831.41
861,16,12297.31
861,2,11468.87
862,10,6035.16
863,3,6181.74
864,1,3841.63
864,3,3675.79
865,16,25730.75
866,17,3963.42
866,3,4005.17
867,17,11075.47
867,15,10920.78
868,5,25465.98
869,15,5014.76
870,1,720.21
870,9,756.55
871,6,14308.39
872,8,84414.1
873,1,7775.35
874,17,9979.45
875,11,7715.98
875,1,8134.61
876,13,5289.8
876,3,5379.41
877,11,3509.05
877,14,3317.86
878,1,22504.3
878,7,22135.95
879,4,2470.82
879,1,2500.21
880,16,2002.13
880,13,2093.79
881,4,4257.17
881,18,4613.98
882,4,3118.95
883,15,8159.41
884,15,9825.82
884,7,9613.61
885,7,5263.32
885,2,5110.16
886,15,2382.71
887,7,6604.0
888,13,2883.78
889,14,4909.82
890,14,5675.39
890,3,5928.21
891,6,30158.49
891,11,28820.0
892,4,6675.08
893,7,17497.13
894,2,4855.76
895,10,28804.21
896,12,5303.92
897,10,25634.83
898,13,5702.28
898,15,5837.13
899,18,4991.57
899,2,5496.47
900,6,13073.61
901,6,6260.13
902,13,17085.52
903,18,15318.9
904,13,14740.89
905,6,5765.72
906,6,1855.12
907,5,10917.41
908,3,6633.38
908,18,7111.42
909,17,7898.46
910,9,4540.66
911,2,8537.4
911,5,8842.41
912,17,2677.62
913,1,3211.02
914,18,15934.48
915,8,3246.2
916,1,4953.9
916,6,4973.79
917,11,29157.38
918,10,10662.33
918,18,10675.68
919,15,4116.64
920,5,16307.23
921,11,15559.55
922,12,15766.82
922,13,15958.54
923,7,6124.36
923,14,5919.71
924,10,5508.45
925,9,16465.48
925,11,16411.96
926,11,2591.96
927,5,7574.48
928,6,24184.91
928,14,25421.41
929,2,5194.17
930,5,3034.55
931,2,2979.47
931,5,2984.54
932,12,8701.3
932,7,8828.97
933,13,21093.42
934,10,9595.13
935,14,2359.02
936,10,5393.42
936,17,5502.17
937,5,6110.74
938,15,8294.97
939,4,7614.59
940,6,20734.86
940,14,21464.36
941,5,19825.01
942,13,14070.45
943,3,19872.26
944,1,11836.13
944,10,11969.07
945,13,3734.17
945,2,3991.12
946,16,17665.86
947,13,4715.38
948,5,8001.24
949,5,10731.03
950,12,5745.86
951,1,4523.11
952,11,4803.64
953,13,7796.76
954,11,10161.58
954,12,10632.16
955,5,2731.89
956,8,12852.36
956,16,12174.8
957,14,3739.14
957,17,3744.45
958,11,5594.8
959,4,5639.52
960,18,4994.11
961,14,11384.08
962,15,2759.56
963,7,6308.18
964,8,4395.39
965,5,4712.84
966,13,4743.8
967,7,7028.77
968,12,6865.93
968,16,6341.75
969,10,7998.76
969,5,7576.15
970,12,24623.16
971,10,7834.31
972,4,7397.58
973,9,4360.53
974,5,12406.4
974,15,11483.44
975,4,2831.08
976,10,18434.62
977,3,10091.3
978,13,7555.0
978,12,7558.07
979,5,28362.2
979,13,27542.98
980,8,4881.11
981,16,16650.39
982,4,38967.92
983,9,3498.22
983,1,3442.84
984,11,19772.95
985,15,11218.84
986,6,5766.41
987,17,7640.72
987,1,7676.31
988,15,11431.96
989,8,4289.97
990,12,7283.93
991,18,11982.39
991,11,11738.28
992,15,13331.26
993,5,11614.59
993,16,11553.4
994,2,6868.34
995,10,4737.53
996,18,3262.05
997,1,12686.68
997,12,13052.71
998,6,12940.51
999,16,28431.06
1000,12,4008.06
1001,14,5952.0
1002,10,2524.14
1003,14,11931.19
1004,3,1676.81
1004,6,1710.77
1005,13,7727.19
1006,15,18109.43
1007,9,21181.7
1008,3,18626.89
1008,1,17112.17
1009,18,28844.03
1010,1,8978.47
1010,7,8741.03
1011,2,10859.51
1012,12,19378.8
1013,15,13451.42
1014,10,11141.65
1015,3,5652.9
1016,17,4859.25
1016,6,4944.27
1017,12,7599.01
1018,4,31006.42
1019,3,9967.68
1020,2,3844.1
1021,5,6690.94
1022,11,17590.73
1023,8,183224.82
1024,11,4360.55
1025,17,7129.59
1026,2,43600.5
1027,7,3677.01
1028,4,14340.37
1029,15,6005.76
1029,3,6155.98
1030,16,4918.66
1031,5,5402.05
1032,7,7770.37
1033,17,17619.15
1034,15,5437.31
1035,18,9683.99
1036,16,20026.24
1037,14,4808.7
1038,5,6597.76
1039,11,4963.32
1040,2,2892.95
1040,5,2742.62
1041,11,12827.88
1042,5,6097.9
1043,5,24321.18
1044,5,9686.5
1044,10,9571.51
1045,12,3334.34
1046,5,8893.44
1047,10,19687.43
1048,16,3442.87
1049,9,4691.51
1049,11,4542.28
1050,6,16127.93
1051,16,2651.99
1052,18,3574.73
1052,15,3459.88
1053,4,15190.5
1054,2,4280.73
1055,14,1669.02
1056,1,2642.52
1056,6,2726.49
1057,6,10177.58
1058,12,19091.32
1058,9,20334.34
1059,1,2952.88
1059,6,2982.52
1060,7,7733.08
1061,11,5766.16
1061,4,5708.59
1062,2,3600.31
1063,13,3415.77
1064,10,11033.75
1065,18,2082.61
1066,17,2557.55
1066,3,2779.12
1067,13,4309.15
1067,7,4546.05
1068,12,3784.08
1068,1,3821.04
1069,15,7205.76
1069,5,7301.18
1070,7,5434.86
1070,11,5385.38
1071,17,5794.02
1072,17,613.97
1072,1,586.59
1073,8,3510.21
1074,9,3005.52
1075,13,3765.25
1075,1,3892.54
1076,7,6999.72
1077,11,983.95
1078,13,20441.75
1079,7,3481.71
1080,16,6038.81
1081,7,2129.9
1082,8,2015.82
1083,17,3296.12
1084,7,1514.29
1085,5,42515.77
1086,7,2680.28
1086,10,2800.57
1087,14,12133.92
1088,2,3472.38
1089,10,2866.3
1089,17,2904.67
1090,13,4291.54
1090,15,4117.48
1091,1,3456.34
1091,3,3557.64
1092,12,2487.36
1093,8,5821.93
1093,18,6232.23
1094,4,5999.16
1095,7,3943.88
1095,4,4098.27
1096,12,7364.64
1097,17,6195.62
1098,16,9653.26
1099,13,9179.92
1100,8,12979.53
1101,16,3499.27
1102,4,14136.93
1103,18,2109.69
1104,15,7017.53
1105,1,4520.02
1105,4,4469.59
1106,18,5562.91
1107,9,3129.89
1108,7,7066.29
1109,4,4870.57
1110,10,8696.42
1110,8,8977.59
1111,12,8567.29
1111,17,8313.34
1112,5,1446.78
1113,11,1742.23
1114,2,2015.31
1114,1,2139.45
1115,8,3494.29
1115,17,3296.96
1116,12,2231.63
1117,7,1970.56
1117,18,2018.99
1118,17,5997.21
1119,3,2742.16
1120,7,2282.31
1120,6,2300.18
1121,9,6566.92
1122,1,8028.68
1123,11,1594.42
1123,13,1543.9
1124,13,16826.91
1125,18,6488.71
1126,4,4471.45
1127,8,2056.43
1128,13,930.68
1129,9,4481.2
1130,14,6604.48
1130,15,6011.55
1131,3,1165.48
1132,11,7926.73
1133,4,3253.65
1134,16,1860.27
1135,2,3620.42
1136,7,5926.84
1137,3,4814.07
1138,4,5433.37
1138,12,5684.87
1139,9,1877.1
1139,3,2026.42
1140,7,17051.03
1140,17,16211.55
1141,18,4285.77
1142,14,2655.82
1143,14,13780.07
1144,9,3126.69
1144,16,3037.28
1145,11,1828.78
1146,17,1303.95
1147,13,3951.17
1148,4,5531.85
1149,7,4136.13
1150,12,6530.57
1150,11,6278.39
1151,17,3863.66
1151,16,3912.22
1152,6,8021.94
1153,5,5673.79
1153,14,5938.05
1154,17,5967.02
1155,6,2619.62
1156,14,26192.74
1157,16,4342.52
1158,9,5243.53
1158,3,5611.09
1159,18,15258.15
1160,15,6352.82
1161,1,7834.82
1162,6,2301.61
1162,5,2283.89
1163,16,8487.2
1164,5,6806.37
1165,10,15232.14
1166,12,6902.33
1166,15,6959.11
1167,14,5389.49
1167,15,4960.09
1168,17,6624.1
1169,18,11152.39
1170,2,15573.22
1170,4,14988.16
1171,6,15341.7
1171,10,15161.64
1172,4,11554.58
1172,2,11793.82
1173,10,20051.19
1174,1,6095.74
1174,16,6254.92
1175,12,4634.11
1175,13,4526.02
1176,5,4818.96
1177,3,12180.87
1178,1,11448.99
1179,15,5249.98
1180,15,6325.89
1180,11,6294.51
1181,4,10806.11
1182,4,18396.21
1182,7,18131.95
1183,1,14762.84
1184,3,9198.8
1185,18,8976.8
1186,16,21164.86
1187,2,10086.97
1188,5,15830.53
1189,14,9327.26
1190,15,16292.67
1191,9,14268.45
1191,11,14495.05
1192,16,15853.19
1193,17,7841.11
1194,16,11396.3
1195,15,13407.72
1196,10,7518.78
1197,17,17236.72
1198,18,27783.5
1198,10,27920.0
1199,17,7472.52
1199,7,7345.66
1200,14,12243.09
1201,14,8659.5
1201,7,8775.73
1202,10,13739.97
1203,1,19127.47
1204,9,22740.14
1204,8,22136.07
1205,1,13235.89
1206,16,12074.58
1207,3,10133.15
1207,16,9911.19
1208,10,8869.25
1209,18,3280.28
1210,17,10698.97
1211,3,15112.91
1211,5,15803.22
1212,6,7302.34
1213,18,4604.03
1214,3,4663.39
1214,4,4649.3
1215,2,4457.99
1215,6,4296.95
1216,4,1463.61
1216,2,1442.87
1217,16,2185.58
1218,8,5323.45
1219,6,4842.81
1220,17,6218.98
1221,13,2175.46
1222,9,4601.23
1223,15,2223.45
1224,5,2912.51
1224,17,2875.88
1225,7,5242.73
1226,8,2109.32
1227,16,3732.17
1227,4,4067.77
1228,6,3770.82
1229,6,6507.77
1229,13,6713.96
1230,6,7965.21
1231,5,14030.4
1232,10,5071.49
1233,5,1162.71
1234,17,5676.98
1234,11,5837.0
1235,16,2042.97
1236,5,4905.93
1236,6,4800.9
1237,18,7392.64
1238,10,4940.57
1238,4,5322.52
1239,12,5229.63
1240,10,17535.46
1241,16,1892.23
1242,4,2166.73
1243,7,2127.14
1244,8,3503.49
1244,1,3730.4
1245,11,2209.53
1246,15,2421.85
1247,3,4584.56
1247,12,4535.71
1248,4,2400.29
1248,12,2522.63
1249,10,2953.57
1250,13,6186.0
1251,2,7176.2
1251,14,7861.64
1252,12,1415.6
1253,1,14111.25
1254,11,5423.34
1255,17,4622.22
1256,10,2277.18
1257,12,879.26
1258,8,4726.95
1258,5,4619.88
1259,15,5853.57
1259,10,5782.2
1260,11,1161.28
1261,9,7617.7
1262,4,4216.3
1263,8,1787.18
1263,15,1827.2
1264,13,3581.01
1265,10,5801.17
1265,14,5863.85
1266,1,4143.87
1266,2,3871.75
1267,3,5108.29
1268,9,1939.78
1269,13,16172.62
1269,9,16400.2
1270,4,3486.63
1271,14,2884.92
1272,7,13576.53
1272,8,13742.82
1273,3,3170.5
1274,13,1734.93
1274,12,1737.14
1275,15,1162.79
1275,11,1112.36
1276,15,3122.88
1277,18,4894.47
1277,4,4552.93
1278,10,4616.74
1278,13,4503.13
1279,1,5232.61
1279,16,5002.03
1280,16,3639.1
1281,13,7639.03
1282,17,5657.91
1283,7,5575.75
1284,17,2239.45
1284,6,2187.25
1285,2,21859.46
1286,7,4730.67
1287,11,4097.03
1288,4,12584.15
1289,3,6257.87
1289,14,6278.94
1290,14,6140.83
1291,14,2640.83
1291,16,2513.55
1292,1,7707.64
1293,12,6769.12
1293,9,6425.54
1294,11,18211.68
1294,5,18928.73
1295,12,6925.65
1296,12,4088.83
1297,15,5657.93
1297,2,6120.62
1298,6,11694.34
1299,18,16512.52
1299,4,16317.39
1300,15,15927.67
1301,1,8209.25
1302,11,22654.31
1302,18,21183.88
1303,15,5595.62
1304,3,4500.56
1304,5,4782.56
1305,7,4988.66
1306,18,12680.45
1306,15,11638.66
1307,7,14370.02
1307,6,13424.35
1308,1,5153.33
1309,17,5971.63
1310,7,9836.0
1311,18,16655.35
1312,9,16326.73
1312,10,15068.82
1313,6,7927.8
1314,12,10977.1
1315,8,18062.29
1315,3,17301.44
1316,5,9495.14
1316,8,9396.1
1317,6,18009.25
1318,16,10559.36
1319,14,12590.24
1320,15,14595.47
1320,16,13985.75
1321,7,14369.62
1321,16,14420.27
1322,15,7326.63
1323,12,11898.86
1324,15,14105.3
1324,8,13788.47
1325,15,7602.16
1326,6,13982.89
1326,2,13843.53
1327,12,21979.23
1328,12,7761.92
1328,13,7961.53
1329,16,14092.28
1330,10,7756.53
1330,11,8428.59
1331,17,16350.06
1331,18,16773.27
1332,17,23165.38
1333,16,21483.03
1334,7,14504.19
1335,4,12145.42
1336,6,9882.3
1337,10,8210.57
1337,12,8249.79
1338,12,3757.53
1339,1,8159.33
1340,11,13237.31
1341,1,6526.5
1341,15,6854.5
1342,2,4764.51
1343,11,5004.54
1344,4,4353.28
1345,11,1665.96
1346,15,2599.65
1347,8,4643.57
1348,7,4588.99
1349,18,7722.74
1350,11,1590.57
1350,15,1718.54
1351,3,5441.22
1351,5,5546.09
1352,11,2329.93
1353,10,2534.63
1354,16,6081.67
1355,9,1922.45
1356,14,4570.07
1357,3,4911.04
1358,4,5453.91
1359,11,7374.08
1359,15,7741.63
1360,13,12675.4
1361,17,6323.29
1361,4,6443.04
1362,9,1158.09
1363,18,6548.77
1364,5,1970.53
1365,12,4997.92
1365,1,5163.93
1366,17,5776.09
1366,10,5899.02
1367,8,5698.85
1367,12,5745.35
1368,8,5481.64
1368,2,5154.85
1369,9,16992.76
1369,2,16869.19
1370,8,740.3
1370,15,731.33
1371,4,6152.81
1371,1,5773.01
1372,3,4487.26
1373,6,5915.43
1374,10,7407.04
1375,13,7456.54
1375,2,6897.91
1376,5,8717.28
1376,6,8007.01
1377,1,7262.58
1378,3,1175.89
1379,6,2259.18
1380,4,8407.61
1381,18,865.62
1381,6,914.82
1382,15,4795.0
1382,5,5018.08
1383,3,1089.92
1384,5,4702.55
1385,16,1342.86
1386,4,879.07
1386,18,933.34
1387,15,2710.15
1388,11,4442.08
1389,3,6821.04
1389,4,6472.92
1390,1,7573.83
1390,5,7551.56
1391,6,570.93
1392,16,7073.41
1393,9,7067.31
1394,14,1022.65
1394,8,934.38
1395,14,7396.7
1395,10,7775.58
1396,9,9015.47
1397,6,27373.13
1398,17,585.64
1398,9,609.42
1399,1,12838.97
1400,1,8086.22
1400,6,8694.26
1401,6,10330.04
1401,16,9980.69
1402,5,12417.69
1403,5,3278.5
1403,10,3220.16
1404,17,6172.32
1405,9,5839.26
1406,8,1422.6
1406,1,1355.6
1407,16,29036.6
1408,13,727.24
1408,8,709.84
1409,9,2387.45
1410,4,8599.68
1411,17,5752.63
1411,8,6109.65
1412,13,3944.77
1413,6,23552.36
1414,13,9079.81
1414,14,8785.71
1415,15,936.49
1416,3,3661.49
1417,12,11563.29
1418,6,3121.38
1418,3,3304.05
1419,6,5810.67
1420,10,3063.55
1421,6,611.93
1421,3,593.46
1422,8,10414.64
1422,7,10454.45
1423,8,3331.15
1424,13,1493.03
1425,18,34006.83
1425,17,32711.7
1426,6,3656.01
1427,17,3173.42
1428,3,3109.3
1429,17,17252.58
1430,2,3896.72
1431,8,3701.06
1431,1,3417.91
1432,1,7870.27
1433,16,6275.24
1433,8,6207.33
1434,17,11357.83
1434,18,10751.31
1435,11,3443.65
1436,2,4752.07
1436,9,4834.17
1437,7,2634.4
1438,4,7460.97
1439,9,1504.15
1440,16,1034.04
1441,3,4233.0
1442,9,6199.74
1443,10,8125.32
1443,1,8184.9
1444,1,3747.4
1445,2,8708.3
1446,18,2308.55
1447,6,3707.97
1448,4,5440.1
1449,16,7770.84
1450,4,23068.63
1451,1,3619.27
1452,9,1942.77
1453,10,7229.37
1453,4,7119.61
1454,8,7136.21
1454,4,7275.62
1455,16,12755.01
1456,15,25080.53
1457,6,6685.27
1457,17,6617.63
1458,11,11828.29
1459,6,3403.34
1460,9,18805.35
1461,15,3132.39
1461,5,3150.75
1462,13,4245.95
1462,6,3944.22
1463,13,5439.05
1464,6,1327.24
1465,12,5297.51
1465,16,5825.02
1466,12,2657.3
1466,17,2570.7
1467,10,23949.05
1468,4,3546.23
1469,18,12497.06
1470,6,7185.08
1470,1,7287.8
1471,14,3288.72
1472,17,2670.78
1472,3,2822.75
1473,11,2068.19
1474,14,3611.01
1474,6,3342.35
1475,10,10822.06
1475,14,10422.07
1476,10,8544.58
1476,11,9234.84
1477,1,4176.23
1478,8,18052.69
1479,18,10317.46
1480,18,5177.23
1481,18,7083.39
1482,9,19260.67
1483,7,4814.18
1484,2,7437.3
1484,15,8119.55
1485,13,3162.94
1486,12,3040.46
1486,6,3091.69
1487,13,7850.84
1487,14,8251.2
1488,16,2756.58
1489,17,625.91
1490,11,9690.64
1491,16,19624.0
1492,8,7313.32
1493,14,8469.82
1494,16,7493.91
1495,1,3854.11
1496,9,7014.96
1496,7,6493.14
1497,17,14923.06
1498,10,13119.4
1499,17,10523.49
1500,11,6661.94
1501,8,42094.1
1502,15,6045.65
1503,17,6427.96
1504,18,20911.27
1505,5,8507.5
1506,11,2051.65
1507,10,3886.21
1508,6,12275.42
1509,11,5189.53
1510,10,2866.37
1510,18,2780.81
1511,10,13915.86
1512,1,38702.45
1513,15,23991.79
1514,13,8526.07
1514,12,8774.04
1515,3,904.8
1516,8,6642.72
1516,12,6849.47
1517,1,10836.66
1517,2,11243.76
1518,1,12146.01
1519,4,9986.26
1519,11,9858.53
1520,7,1089.55
1521,11,27155.56
1522,14,10985.68
1523,14,3867.26
1523,10,3537.03
1524,9,18014.16
1525,9,4031.03
1526,13,20151.17
1527,6,17512.34
1528,11,1589.28
1529,6,5044.65
1529,13,4711.38
1530,11,3500.83
1531,3,18337.75
1531,4,17941.83
1532,17,29825.89
1533,9,11793.02
1534,13,17943.81
1534,4,17131.12
1535,17,939.29
1535,8,911.33
1536,9,15699.33
1537,2,36793.68
1538,7,11612.25
1539,1,13290.38
1540,7,8854.16
1540,2,8180.87
1541,17,7186.06
1542,4,9712.13
1543,9,12118.62
1544,14,9385.3
1545,14,4319.39
1546,16,20929.47
1547,3,10437.09
1548,9,14505.34
1549,5,15108.67
1550,2,3395.04
1551,3,6137.93
1552,7,12501.17
1552,10,12796.58
1553,15,4138.34
1554,8,14411.89
1555,5,11531.99
1555,10,11423.39
1556,11,6867.98
1557,4,11757.5
1558,18,3957.09
1559,10,3968.09
1559,17,3986.34
1560,6,6488.47
1561,1,23698.57
1562,16,9755.28
1562,9,9840.56
1563,2,2098.05
1563,15,2061.21
1564,7,3680.53
1565,3,17420.88
1565,15,16888.13
1566,7,3340.37
1567,2,22063.36
1568,15,6497.63
1569,16,7476.01
1569,17,7647.24
1570,14,17256.36
1570,10,17100.84
1571,5,3698.31
1572,4,4497.8
1572,10,4732.14
1573,8,14945.35
1574,16,4798.9
1575,14,2597.91
1575,16,2412.2
1576,12,15361.99
1576,13,15017.81
1577,17,5684.36
1578,7,9238.65
1579,15,22274.58
1580,2,12683.04
1581,11,5974.98
1582,10,15775.52
1583,13,11530.63
1584,18,3774.36
1584,8,4024.17
1585,18,24594.67
1585,9,23537.57
1586,1,5701.49
1587,9,14819.3
1588,11,19123.32
1588,10,17793.24
1589,2,1550.83
1589,3,1631.55
1590,3,6541.38
1591,6,15085.12
1591,2,15419.72
1592,10,10961.58
1593,3,8752.88
1593,2,8843.46
1594,10,18919.58
1595,15,18634.59
1595,3,19435.04
1596,14,19751.66
1597,9,9091.05
1598,6,6576.8
1599,15,15575.41
1600,18,13404.79
1601,17,8054.51
1601,2,7974.32
1602,17,19607.49
1603,2,14416.99
1604,14,19236.71
1605,14,35657.22
1606,15,6780.3
1607,7,4941.52
1608,10,3941.94
1608,16,3819.0
1609,16,7253.31
1610,2,7816.74
1611,8,20958.75
1611,5,21896.53
1612,6,9105.08
1613,5,12507.91
1614,18,37417.33
1614,9,35281.21
1615,3,11611.61
1616,18,13409.76
1616,1,14170.84
1617,14,36807.84
1618,16,7720.86
1619,10,11721.07
1619,18,10833.82
1620,9,23230.49
1621,1,26127.57
1622,9,10988.92
1623,16,19048.44
1624,16,2961.66
1625,3,24237.6
1626,17,7652.21
1627,1,13252.59
1628,8,14536.52
1629,17,6230.53
1630,15,36370.47
1630,2,37279.5
1631,18,1092.19
1632,5,8731.95
1632,7,8944.89
1633,7,19403.25
1634,2,12560.86
1635,14,7979.15
1636,7,3242.71
1637,14,12446.93
1638,4,3330.09
1639,6,18175.63
1640,8,15607.06
1641,14,18030.1
1642,13,24374.7
1642,1,23684.42
1643,8,12989.27
1644,13,5257.93
1645,5,6488.16
1645,6,6997.0
1646,12,14458.69
1646,6,14130.69
1647,1,22790.63
1648,15,4107.13
1648,17,3821.67
1649,6,3732.73
1649,14,3797.14
1650,9,11601.75
1651,8,17195.95
1652,7,19023.09
1652,11,20486.27
1653,11,3887.13
1654,9,6724.09
1655,7,3179.62
1655,5,3142.33
1656,7,4132.81
1657,9,42705.21
1658,18,10912.76
1659,13,44601.3
1660,12,6895.82
1661,12,7237.36
1661,16,7106.82
1662,16,12037.44
1663,18,9800.88
1664,3,9783.98
1664,6,9650.17
1665,17,21824.73
1666,14,9603.17
1667,13,9758.5
1668,10,17067.82
1669,2,11319.34
1670,15,8553.55
1671,16,17206.0
1671,8,16766.94
1672,12,5524.49
1673,16,26204.61
1674,3,9267.3
1675,9,3995.38
1675,1,3792.93
1676,16,7366.99
1677,3,3273.08
1678,16,7201.11
1679,7,6248.64
1680,2,19822.28
1681,3,15323.28
1682,13,8119.4
1682,1,8410.49
1683,8,15105.85
1683,9,15257.3
1684,8,17202.78
1685,13,6656.96
1685,7,6459.33
1686,2,8109.05
1687,18,1833.71
1687,11,1891.28
1688,6,17691.11
1688,15,16837.99
1689,2,16975.28
1689,13,17266.61
1690,17,24128.71
1690,7,22558.21
1691,10,10205.61
1692,11,7555.92
1692,15,7575.55
1693,18,17719.75
1694,12,37542.5
1695,7,14630.42
1696,18,15209.92
1697,10,15629.9
1698,6,14335.19
1699,4,10910.49
1699,14,10216.96
1700,18,21061.95
1700,4,21357.43
1701,18,21392.79
1701,15,19613.57
1702,7,7228.48
1702,3,7534.81
1703,7,14925.56
1704,8,37818.1
1705,6,6010.88
1705,1,6024.37
1706,12,13122.81
1707,17,17902.67
1708,17,3837.22
1708,7,4037.21
1709,14,41493.46
1710,4,6840.96
1711,7,2493.58
1711,17,2611.81
1712,15,1169.38
1712,12,1068.53
1713,7,4321.57
1713,12,4446.09
1714,13,10187.46
1715,5,3486.26
1716,1,6270.52
1716,11,6463.23
1717,13,2687.13
1717,2,2911.56
1718,9,2874.14
1719,13,2696.4
1720,16,10915.23
1721,11,554.87
1722,11,3454.93
1723,10,2395.63
1724,8,4995.71
1725,14,7671.46
1725,13,7184.85
1726,12,829.97
1727,10,4014.91
1728,2,2313.91
1729,15,3439.45
1729,8,3550.14
1730,3,4631.51
1731,2,2905.28
1732,9,6146.82
1733,13,17747.77
1734,10,1963.55
1735,10,1442.63
1736,12,11555.33
1736,2,11283.99
1737,6,1268.44
1737,12,1277.14
1738,9,10975.82
1739,3,1718.04
1740,11,10349.84
1741,11,1836.99
1742,1,8268.96
1742,11,8374.03
1743,10,3974.27
1744,2,7753.07
1745,11,10029.56
1746,5,7510.59
1747,10,8405.57
1747,1,8459.59
1748,4,18626.59
1749,1,5092.75
1749,8,5178.78
1750,16,3023.69
1750,14,3142.71
1751,4,8461.67
1751,6,8700.3
1752,11,14784.71
1753,7,4829.42
1754,3,4736.63
1755,7,18346.76
1756,17,846.27
1756,10,841.96
1757,16,5909.24
1758,5,5241.93
1758,16,5131.85
1759,15,4373.35
1760,7,7089.21
1761,6,7977.85
1762,15,7998.65
1763,14,6464.58
1764,10,1151.13
1765,8,1999.71
1765,1,2114.45
1766,1,7513.53
1767,13,1041.21
1768,14,4958.89
1769,7,982.06
1770,13,4809.47
1771,15,1284.24
1771,4,1238.2
1772,14,1033.94
1772,7,1101.69
1773,11,2868.2
1774,7,5802.18
1775,13,6321.13
1776,4,7312.51
1777,10,656.9
1778,4,8051.28
1778,3,7951.45
1779,17,7564.44
1780,13,1086.76
1780,3,1125.57
1781,7,6391.39
1782,12,9844.49
1782,14,9754.36
1783,4,27839.01
1783,15,28558.86
1784,15,675.16
1785,16,13125.89
1786,5,9164.93
1787,12,12370.96
1788,16,14724.2
1788,5,15302.43
1789,3,3359.53
1789,15,3260.7
1790,14,5618.31
1791,17,5115.56
1791,3,5099.41
1792,14,1459.74
1793,2,24041.96
1793,11,25601.96
1794,1,719.57
1795,15,1864.23
1795,10,1885.23
1796,15,7019.47
1796,5,6529.98
1797,18,6888.41
1798,1,3671.33
1799,7,21563.1
1800,2,9245.16
1800,6,8852.67
1801,7,1124.92
1802,9,3345.61
1803,3,11857.47
1804,8,3477.34
1805,9,5770.49
1806,11,2918.76
1807,4,713.4
1808,10,8939.36
1808,12,9282.54
1809,1,3488.48
1809,14,3592.19
1810,7,1460.73
1811,18,29442.9
1812,2,3443.7
1812,8,3341.18
1813,15,3163.95
1814,6,2218.52
1815,6,14244.38
1815,12,14706.99
1816,17,4169.9
1817,18,3246.27
1818,17,8235.32
1819,1,6708.46
1820,2,9650.97
1820,4,9858.87
1821,13,3518.32
1821,1,3496.07
1822,13,4914.51
1822,6,4920.55
1823,9,3020.62
1824,3,8119.34
1825,16,1686.72
1826,12,1019.39
1826,14,990.01
1827,13,3062.32
1828,2,7928.43
1829,16,8666.41
1830,4,3479.35
1831,9,8789.72
1832,2,2570.61
1832,11,2799.2
1833,17,3569.66
1834,6,5381.32
1835,14,7927.91
1835,13,8114.4
1836,14,22433.38
1837,10,3284.2
1837,13,3252.49
1838,13,1766.43
1839,10,7609.5
1840,18,6545.6
1841,14,14628.23
1842,2,20119.35
1842,14,20048.17
1843,8,6219.96
1844,8,11474.3
1844,3,11554.22
1845,15,4628.29
1845,11,4432.02
1846,3,15714.61
1847,14,2812.06
1848,6,3540.06
1849,11,7059.83
1850,2,1315.22
1851,4,4499.16
1852,17,3418.66
1853,4,23893.92
1854,2,4148.12
1854,16,3875.16
1855,11,12929.24
1856,1,5906.88
1857,8,3378.4
1857,16,3448.03
1858,13,2508.92
1858,10,2691.45
1859,3,2088.57
1859,16,2097.61
1860,9,3907.87
1861,16,12128.06
1861,8,11688.57
1862,10,9026.58
1862,5,8813.74
1863,7,3675.18
1864,13,17041.33
1865,15,11087.25
1866,13,5958.89
1866,18,6069.45
1867,4,5488.01
1868,17,18695.79
1868,5,19392.1
1869,9,3880.63
1870,2,9461.55
1871,5,3581.43
1872,3,2929.39
1873,13,8468.24
1874,16,2973.94
1875,8,682.41
1876,17,9884.01
1876,18,9471.18
1877,13,22388.44
1877,6,21878.78
1878,9,8137.17
1879,5,8728.05
1880,12,8451.33
1881,13,3660.24
1882,16,6879.78
1882,17,7469.24
1883,17,14375.26
1884,12,14392.37
1885,3,9353.39
1886,6,5818.98
1887,7,37579.09
1887,8,37285.04
1888,15,5951.73
1889,3,8267.22
1890,4,24505.01
1890,1,24107.89
1891,3,7778.17
1891,5,7694.12
1892,15,2066.02
1892,18,1918.83
1893,15,4250.96
1893,18,4125.0
1894,16,11088.55
1894,18,11910.82
1895,17,5308.85
1895,12,5114.26
1896,18,2742.75
1897,3,13549.17
1898,8,31322.61
1898,10,33817.65
1899,15,20459.76
1899,18,20566.05
1900,14,10906.69
1901,9,955.22
1902,12,6770.58
1903,6,10867.86
1904,3,9316.44
1905,5,11785.76
1906,18,910.54
1907,17,37170.36
1908,17,9243.67
1909,15,3633.15
1910,18,17503.24
1911,11,3544.56
1911,10,3546.84
1912,18,24954.73
1913,5,21720.57
1914,6,1614.43
1914,5,1577.64
1915,17,4539.02
1916,11,3693.94
1916,18,3848.28
1917,16,22434.2
1918,7,27012.26
1918,5,28140.34
1919,6,10511.19
1920,13,18307.89
1921,11,1042.91
1922,4,13686.59
1923,8,43784.76
1924,2,10388.77
1925,6,16180.36
1926,17,7148.04
1926,2,7111.2
1927,3,6331.64
1928,7,10732.5
1929,4,12196.62
1930,8,8057.02
1931,8,3842.84
1932,16,21160.77
1933,13,10388.12
1933,15,9753.25
1934,18,13951.57
1934,10,14607.69
1935,11,18778.93
1936,12,3422.65
1936,10,3667.45
1937,16,5056.55
1937,3,4928.92
1938,17,14086.14
1939,18,3898.49
1940,8,11355.39
1941,13,10589.87
1941,10,10805.61
1942,15,7211.64
1942,1,7533.65
1943,17,12221.41
1944,13,3975.4
1944,9,4232.36
1945,7,3733.01
1946,6,5374.94
1947,13,23077.18
1948,2,9725.02
1948,5,8950.48
1949,14,1756.04
1950,18,3649.63
1951,12,13553.16
1951,3,12976.01
1952,11,3177.33
1953,5,21081.15
1954,5,8420.83
1955,18,8411.27
1956,11,21183.86
1956,1,19807.27
1957,4,3560.32
1958,3,5057.82
1958,11,5208.47
1959,15,14532.7
1959,4,15704.42
1960,17,4793.53
1961,4,2503.7
1962,5,17318.83
1962,17,17024.1
1963,1,7177.82
1964,9,8575.36
1965,13,23417.35
1966,10,13171.24
1967,12,6139.62
1967,18,5905.88
1968,18,14915.78
1968,16,15880.31
1969,5,10718.18
1969,12,10371.19
1970,3,3244.06
1971,12,17506.62
1971,11,18197.36
1972,4,7263.4
1973,7,13266.53
1974,8,18491.29
1975,11,1595.02
1975,4,1569.34
1976,5,6438.59
1977,3,13048.98
1978,6,9399.35
1979,4,11376.14
1980,18,23183.25
1980,11,22696.23
1981,16,15772.63
1982,9,21448.63
1983,14,9211.4
1983,5,9357.59
1984,3,7430.35
1985,2,15768.8
1985,14,16442.68
1986,17,10542.68
1986,18,10391.48
1987,6,9269.99
1988,4,20784.0
1989,1,15666.83
1990,7,20045.89
1991,2,44298.27
1992,18,5636.05
1992,15,5569.54
1993,13,5691.03
1994,5,3022.3
1995,15,8074.24
1995,2,8521.46
1996,16,7470.12
1996,6,8093.91
1997,9,21316.6
1998,16,7128.41
1999,17,10646.2
2000,5,36183.0
2001,18,11602.28
2001,16,12135.18
2002,6,11611.28
2003,3,38015.44
2004,6,6513.56
2005,17,10361.5
2005,11,10522.61
2006,18,23729.04
2007,18,27448.83
2008,17,14772.4
2009,7,16692.13
2010,4,2567.21
2011,17,24416.59
2012,18,6353.87
2013,11,16408.39
2013,12,15487.6
2014,13,13649.62
2015,5,6726.79
2016,2,37879.6
2017,7,966.63
2018,6,10030.25
2019,6,15185.37
2020,9,11503.32
2021,9,7499.53
2021,13,7609.05
2022,5,3570.75
2023,8,14306.55
2023,11,15016.82
2024,18,3034.9
2024,4,3170.87
2025,3,15520.34
2026,1,13423.48
2027,1,19863.75
2028,4,24677.99
2028,5,23832.5
2029,17,11550.1
2030,2,5159.23
2031,4,7139.38
2031,3,7329.73
2032,16,13385.38
2032,8,13790.38
2033,1,25671.64
2034,6,3912.25
2034,4,4166.26
2035,18,3704.84
2036,1,10691.98
2037,17,16496.04
2038,16,17928.49
2039,15,3780.17
2040,16,6511.33
2041,12,4076.87
2042,14,3769.99
2043,17,44551.65
2044,12,10596.32
2044,3,10099.12
2045,4,51354.7
2046,1,7847.57
2047,3,6421.87
2048,10,11943.52
2048,9,11991.92
2049,10,9594.94
2050,18,8813.54
2050,16,8036.15
2051,4,17016.89
2051,1,17412.27
2052,1,9076.17
2053,12,9116.89
2054,15,16030.13
2054,18,15835.61
2055,11,13512.24
2055,4,13977.82
2056,18,8228.43
2057,10,17868.35
2058,6,4606.87
2059,9,24687.33
2059,18,23030.53
2060,14,9201.64
2061,13,3097.78
2062,17,7842.82
2063,17,4473.43
2064,14,7122.84
2064,7,7152.61
2065,5,5901.81
2066,3,18894.81
2067,6,15046.7
2068,1,6961.94
2068,8,6823.0
2069,8,13459.51
2070,16,13779.91
2071,14,7378.85
2071,11,8091.31
2072,3,7332.75
2073,2,1542.97
2074,15,19203.68
2075,9,18949.73
2076,9,23192.68
2077,12,9938.96
2078,12,7621.1
2079,3,20404.16
2080,9,45274.45
2081,1,12286.12
2081,11,12394.69
2082,10,15943.55
2083,17,17618.7
2084,7,17421.14
2085,5,9598.08
2086,11,21129.51
2086,10,21242.98
2087,3,15816.93
2088,7,8000.88
2089,11,17346.47
2089,2,18454.48
2090,8,37541.78
2091,7,6321.5
2091,18,6182.89
2092,1,16955.86
2093,11,16793.18
2093,10,16651.46
2094,5,4368.04
2095,1,36265.26
2096,5,7635.9
2097,3,2979.67
2098,5,1379.47
2099,18,4328.53
2100,3,10003.08
2101,17,4571.22
2101,12,4262.78
2102,12,5577.85
2103,1,2776.04
2104,18,2757.12
2104,6,2721.97
2105,16,2442.46
2106,2,11259.43
2106,18,11429.45
2107,3,700.78
2107,10,732.89
2108,9,4487.13
2108,13,4354.89
2109,1,2443.26
2110,15,6436.46
2111,15,6123.24
2111,1,6320.59
2112,9,889.82
2112,10,860.65
2113,4,3638.34
2114,14,2190.33
2114,4,2266.53
2115,18,3283.97
2116,2,4132.77
2117,15,3209.56
2118,13,6016.72
2119,1,15268.46
2120,18,2145.78
2121,13,1675.47
2121,6,1662.07
2122,15,10284.4
2122,11,10380.51
2123,8,1419.76
2124,2,11826.51
2124,17,11608.36
2125,5,2011.17
2126,8,11285.23
2127,12,1730.31
2127,8,1724.38
2128,18,7219.48
2129,12,4033.79
2130,5,8412.75
2131,10,9243.38
2131,5,9344.48
2132,1,6242.09
2133,2,9963.34
2134,17,20058.79
2135,16,4890.2
2136,6,3994.26
2137,5,7721.78
2138,11,17832.27
2138,1,16824.37
2139,8,5177.73
2140,14,5660.56
2141,13,17109.02
2142,10,751.07
2143,7,5267.93
2144,3,4713.4
2145,8,5094.0
2145,14,5380.59
2146,3,7610.54
2146,1,7989.42
2147,2,7363.54
2148,5,7459.12
2149,17,7454.98
2149,18,7807.31
2150,9,1304.92
2151,9,2173.37
2151,1,2083.52
2152,14,7276.33
2153,6,995.2
2154,12,5558.7
2155,13,884.14
2156,13,4380.23
2156,6,4473.79
2157,12,1140.71
2158,2,909.51
2159,11,2521.71
2159,7,2510.18
2160,4,5410.62
2161,8,6181.98
2162,13,8045.88
2163,10,598.21
2164,14,9579.37
2164,5,9006.2
2165,8,7832.6
2166,18,1127.19
2166,14,1105.72
2167,8,8047.76
2168,5,7765.23
2168,11,7667.52
2169,8,28175.72
2170,10,603.48
2171,4,13435.12
2172,13,6942.95
2173,6,9862.7
2174,5,16500.78
2175,16,3579.98
2176,17,6182.16
2177,3,5057.7
2178,17,1529.06
2179,16,25604.38
2180,4,621.08
2181,2,2226.45
2182,3,7278.87
2183,10,5417.59
2183,18,5836.46
2184,17,4112.2
2184,2,4081.14
2185,9,27137.53
2185,18,25146.12
2186,13,12429.92
2187,2,1081.93
2188,9,3400.08
2188,15,3403.89
2189,4,14542.93
2190,14,3758.32
2190,16,3701.94
2191,14,5285.68
2192,8,2915.76
2192,2,2855.74
2193,16,691.05
2194,7,10331.21
2195,5,3385.71
2196,1,1592.91
2196,13,1531.87
2197,2,28462.31
2198,11,3722.92
2198,1,3545.8
2199,8,3590.47
2200,10,2594.96
2201,10,19107.5
2202,17,3113.14
2203,10,3643.41
2204,3,6649.11
2204,4,6606.29
2205,18,6919.79
2205,15,7007.7
2206,8,11872.6
2207,2,3475.98
2208,7,6561.86
2209,17,2651.78
2210,7,8041.78
2211,4,1781.5
2212,4,1065.2
2213,13,3024.41
2214,16,8043.65
2215,3,8240.35
2215,13,8535.94
2216,14,3848.76
2217,4,8995.82
2218,12,2375.93
2219,5,4088.61
2220,9,4286.5
2221,3,7613.55
2222,7,22439.63
2222,3,21083.61
2223,9,2975.13
2224,6,1595.41
2225,2,5254.77
2226,6,6569.12
2227,14,14544.16
2227,6,14794.71
2228,18,22375.18
2229,8,6174.87
2229,12,5738.76
2230,1,11146.07
2231,2,4243.88
2232,8,14534.92
2233,6,3821.94
2234,11,4146.45
2235,14,6564.67
2235,11,6796.68
2236,7,1389.73
2236,5,1292.62
2237,8,5592.66
2238,11,2914.71
2239,9,18682.81
2239,18,18617.81
2240,16,3356.03
2241,17,12153.17
2242,5,5566.12
2242,1,5438.33
2243,15,3250.21
2244,11,3138.4
2245,5,2089.72
2245,12,2110.69
2246,5,3701.1
2246,15,3610.32
2247,16,9553.08
2248,4,8850.74
2248,9,9775.84
2249,2,3851.72
2249,11,4201.84
2250,9,14634.12
2251,8,8919.47
2252,8,5926.85
2252,7,6021.49
2253,7,7066.81
2254,4,23407.86
2255,6,5194.68
2255,7,5033.24
2256,17,9542.43
2257,11,3226.27
2258,18,3194.34
2259,18,7881.04
2259,11,7833.74
2260,3,2675.02
2261,8,687.9
2262,12,9707.18
2263,15,24001.61
2264,11,7748.28
2265,6,10472.98
2265,15,9736.34
2266,14,9168.94
2267,2,3614.03
2267,7,3677.49
2268,2,7087.78
2269,16,13107.18
2269,15,12588.81
2270,4,13404.11
2271,13,9355.65
2272,10,5602.71
2273,2,42128.1
2273,9,41426.88
2274,11,6812.22
2275,11,9233.34
2275,15,8521.74
2276,17,21480.73
2276,10,23214.32
2277,7,9418.09
2278,8,2037.6
2278,10,2153.2
2279,6,4099.36
2280,18,10566.64
2281,2,4842.81
2282,9,2449.34
2282,6,2405.68
2283,10,12792.82
2284,6,29923.99
2285,10,19763.21
2286,1,9426.26
2287,1,1076.07
2288,10,7341.01
2289,15,10214.44
2290,5,9947.81
2291,14,11943.62
2292,13,889.24
2293,5,28380.77
2293,12,30882.4
2294,3,9310.16
2295,5,3416.74
2296,3,17093.72
2296,7,17672.46
2297,2,3582.48
2298,14,18380.08
2299,2,16513.55
2300,17,1577.4
2301,16,4902.08
2302,15,3611.07
2303,10,19032.17
2304,18,25688.78
2304,16,24760.53
2305,8,12963.86
2306,8,18462.12
2306,11,19153.81
2307,13,860.65
2308,8,16859.07
2308,9,18222.96
2309,4,39497.09
2310,2,10855.66
2311,16,14779.77
2312,16,9097.76
2313,17,6214.94
2313,5,6614.47
2314,3,11388.11
2315,1,13607.81
2316,18,8177.0
2317,1,3450.78
2317,5,3598.55
2318,16,20566.02
2319,15,9214.34
2320,13,13635.01
2321,6,21186.97
2322,15,3584.71
2322,18,3626.71
2323,17,5242.66
2324,1,11816.42
2325,18,4373.11
2326,7,15389.58
2326,17,14801.0
2327,8,13741.2
2328,15,6734.19
2328,12,6428.81
2329,15,11921.79
2330,3,3502.34
2331,13,3302.23
2332,1,4583.25
2332,16,4997.97
2333,5,25176.34
2333,16,23919.17
2334,13,11408.84
2335,3,1667.03
2336,17,3724.14
2337,15,15631.63
2338,15,3564.95
2338,13,3415.38
2339,17,18845.66
2339,8,19306.24
2340,5,7946.1
2341,14,7381.35
2342,8,15953.6
2342,1,14821.64
2343,10,3161.94
2343,2,3079.11
2344,5,4812.8
2345,1,16888.37
2345,10,16066.59
2346,4,4583.66
2347,5,2895.81
2347,15,2932.53
2348,12,17068.54
2348,7,16767.73
2349,4,6458.24
2349,1,6422.62
2350,1,7760.2
2351,4,23830.05
2351,9,23221.36
2352,8,13855.17
2353,14,7183.72
2353,13,7034.03
2354,3,17864.77
2355,11,12198.55
2356,11,3408.56
2357,18,23104.53
2357,5,24156.42
2358,5,5665.95
2359,2,14055.21
2360,13,17865.3
2360,2,16231.87
2361,12,1406.16
2362,17,5841.3
2363,6,13280.86
2364,5,9579.11
2365,12,9683.73
2366,5,18740.64
2367,13,16476.46
2368,18,19893.12
2369,4,9514.79
2370,16,7804.34
2371,3,19520.24
2371,5,19438.62
2372,15,12639.06
2373,16,9546.98
2374,14,20090.38
2375,3,16846.29
2375,9,16540.07
2376,2,17619.12
2376,4,18593.91
2377,16,38515.36
2377,6,36363.95
2378,16,7212.43
2379,3,5370.19
2380,14,3967.93
2381,4,8155.25
2382,15,7873.21
2382,8,8613.66
2383,18,20324.06
2384,8,8434.01
2384,9,7957.11
2385,12,11161.44
2386,5,40917.55
2387,12,12193.77
2388,12,13345.74
2389,15,33000.63
2390,10,7891.83
2390,3,7567.6
2391,18,10190.98
2391,15,10500.96
2392,13,19855.09
2393,15,24847.66
2394,6,11848.77
2395,17,21364.23
2395,5,21252.89
2396,14,2460.14
2397,3,25792.63
2397,11,24048.58
2398,9,5804.91
2399,3,14685.57
2400,6,14949.22
2401,8,6710.31
2401,12,6580.97
2402,15,33617.0
2403,5,936.77
2404,14,8272.59
2405,17,19512.41
2406,18,11343.25
2406,8,11667.8
2407,8,6464.74
2408,13,3150.99
2408,9,3251.09
2409,14,14973.96
2409,9,15445.6
2410,3,3592.22
2410,11,3663.59
2411,15,17648.33
2412,18,12510.89
2413,7,18794.46
2414,14,18368.97
2415,11,12946.75
2416,10,5717.16
2417,2,7175.08
2418,10,11284.68
2419,6,21996.05
2420,10,3412.48
2421,18,3047.08
2422,3,9063.15
2422,1,9328.66
2423,1,21492.09
2423,18,20709.29
2424,18,20634.11
2424,16,20605.37
2425,3,3808.23
2426,15,8426.85
2427,18,3246.18
2428,1,4248.5
2429,10,38768.85
2429,12,40608.08
2430,11,13275.83
2430,14,12846.82
2431,1,47655.49
2432,5,7633.64
2432,7,7704.14
2433,7,8235.79
2434,16,11043.3
2435,7,9991.38
2435,6,10478.36
2436,1,9548.12
2436,9,9434.55
2437,15,17889.53
2438,13,8740.4
2439,18,10845.06
2440,16,13540.76
2441,1,12678.17
2442,13,7902.4
2442,14,8379.92
2443,5,18848.28
2443,4,19740.84
2444,3,5133.3
2444,13,5160.09
2445,9,23447.91
2446,17,8397.28
2446,3,8627.46
2447,15,3422.15
2448,8,7377.24
2449,13,3509.54
2449,17,3422.7
2450,8,6557.78
2451,10,6452.65
2452,16,21446.02
2453,14,16883.53
2454,1,7163.16
2455,13,15330.85
2456,11,13616.5
2457,7,6877.76
2458,11,7782.98
2459,16,1662.59
2459,1,1604.8
2460,2,17829.26
2460,15,16358.19
2461,6,18000.52
2462,5,23419.66
2462,13,23128.8
2463,3,11724.3
2464,6,7936.11
2465,6,18289.82
2466,8,39026.43
2467,5,14355.5
2468,7,14644.19
2469,17,17472.39
2470,6,16116.06
2471,3,8209.5
2472,9,24117.94
2473,4,19716.65
2473,8,20252.8
2474,9,7850.5
2475,14,16291.44
2476,2,44804.01
2477,12,5289.85
2478,14,16762.68
2479,3,16338.63
2480,15,4759.32
2481,18,36769.87
2482,14,7841.02
2483,1,3408.62
2484,4,1112.53
2485,7,3813.66
2486,11,11132.12
2486,9,11041.96
2487,17,3728.39
2487,15,3925.48
2488,11,6302.58
2489,10,3340.89
2489,3,3459.22
2490,12,2594.11
2490,1,2410.09
2491,12,2054.05
2492,15,10543.76
2492,17,11251.32
2493,12,692.61
2493,16,684.76
2494,7,3911.2
2495,13,2593.92
2495,1,2769.22
2496,13,5767.28
2497,18,6974.7
2498,5,1056.54
2499,9,4319.07
2499,7,4308.07
2500,7,1909.7
2501,7,3707.15
2502,8,4647.32
2503,16,3218.92
2504,10,6933.63
2504,5,6683.92
2505,12,15230.02
2506,12,1685.63
2507,14,1652.43
2508,9,10024.11
2509,5,1371.49
2509,16,1386.83
2510,12,14369.5
2510,13,14293.69
2511,13,1589.46
2512,18,11957.98
2513,10,1562.93
2513,18,1535.29
2514,5,8129.61
2515,5,3844.71
2516,4,10282.24
2516,5,10122.02
2517,8,9271.11
2517,2,8820.74
2518,1,7547.25
2518,5,7548.74
2519,9,10022.42
2520,16,19784.47
2520,12,21232.0
2521,13,4746.54
2522,14,3192.78
2523,9,8358.72
2524,15,16216.27
2525,3,6224.59
2526,17,4745.31
2527,16,15387.71
2527,14,14211.6
2528,5,7500.03
2529,15,3672.06
2530,4,6407.81
2531,5,21253.71
2532,17,10872.11
2533,11,10541.56
2534,17,13835.62
2535,1,7699.74
2536,2,20608.37
2536,13,20427.13
2537,2,14906.58
2537,8,14345.19
2538,8,14642.26
2539,15,5109.2
2539,2,5210.64
2540,9,22992.38
2541,8,11787.87
2541,11,11298.24
2542,4,18324.17
2543,1,4979.08
2543,10,5213.5
2544,9,13516.63
2545,15,17934.35
2545,6,19148.1
2546,9,4502.6
2547,1,556.4
2548,4,10052.19
2548,12,10935.29
2549,3,14112.4
2549,11,14412.58
2550,9,14489.98
2550,2,14669.31
2551,15,16832.21
2552,10,14672.26
2553,16,5309.62
2554,9,5390.36
2555,15,2191.24
2556,5,19190.89
2556,16,19712.37
2557,1,13159.54
2557,7,13381.4
2558,1,7461.43
2558,14,7228.02
2559,14,2252.45
2560,4,10729.56
2561,15,21523.03
2562,7,3251.6
2563,17,16474.98
2564,9,15867.78
2565,11,15192.55
2565,1,16107.23
2566,18,10802.78
2567,18,4389.03
2568,6,4424.83
2569,13,38403.1
2570,18,34358.19
2571,11,14463.56
2572,12,15435.36
2573,4,8868.07
2574,15,20855.88
2575,13,12674.19
2576,4,15356.5
2577,10,18506.34
2578,17,4558.0
2579,6,3829.55
2580,18,9393.23
2580,3,9421.3
2581,14,8275.69
2581,13,7989.38
2582,14,13150.53
2582,5,13284.05
2583,9,14322.92
2584,16,17698.1
2584,10,17556.97
2585,10,5056.06
2586,3,5033.26
2586,10,4718.74
2587,1,14349.84
2588,13,17055.03
2589,1,9329.1
2589,5,9110.61
2590,5,17784.11
2590,4,17828.92
2591,14,708.59
2592,15,2256.34
2592,12,2263.53
2593,5,2892.4
2594,5,2970.81
2595,7,7233.17
2595,5,6760.95
2596,11,3110.12
2597,1,1754.04
2597,12,1854.79
2598,15,9663.25
2599,7,4152.4
2600,15,2569.99
2600,11,2595.08
2601,18,1333.9
2602,8,1108.43
2602,17,1143.67
2603,12,4355.65
2604,2,2799.11
2604,14,2763.55
2605,13,1954.92
2606,4,5150.79
2607,14,822.99
2608,5,9058.18
2609,17,5251.06
2610,17,1441.36
2611,6,3518.87
2612,5,1305.81
2613,14,4792.71
2614,7,4636.84
2614,16,4598.98
2615,10,1504.37
2616,9,4496.72
2617,8,1544.17
2618,2,1796.85
2619,8,3672.3
2620,13,1915.15
2621,14,1850.39
2622,5,10590.83
2623,10,7139.27
2624,6,2247.03
2625,3,1194.07
2625,4,1215.21
2626,17,1770.41
2626,4,1893.22
2627,3,1652.04
2628,15,6639.57
2629,7,2239.35
2630,14,6810.35
2631,16,4635.45
2632,8,4260.02
2632,6,4294.1
2633,8,2625.41
2634,10,6821.18
2634,12,6736.06
2635,3,3962.71
2635,12,3996.93
2636,13,3521.45
2637,16,3434.62
2637,12,3339.79
2638,12,3202.7
2639,1,10385.22
2639,15,10163.03
2640,1,8689.35
2641,14,1493.85
2642,1,3380.91
2643,13,2864.85
2643,14,2952.33
2644,4,4309.98
2644,18,4609.51
2645,9,5737.69
2646,17,2200.28
2647,17,10796.48
2648,5,1911.14
2648,6,1970.79
2649,2,1996.43
2650,7,5365.64
2650,10,4992.66
2651,15,1776.24
2651,5,1793.4
2652,16,2098.55
2652,14,2191.63
2653,14,12785.68
2653,4,12644.95
2654,14,6665.0
2655,16,3283.83
2655,15,3098.51
2656,7,1871.79
2657,10,4471.01
2657,9,4151.52
2658,3,4503.89
2659,15,2766.05
2660,3,3028.92
2660,16,2993.45
2661,17,3691.79
2662,8,3543.48
2663,6,8502.93
2663,14,8697.52
2664,10,8063.85
2665,8,2070.33
2666,17,2102.85
2667,16,3295.57
2668,16,9846.11
2669,18,4304.47
2670,8,5669.01
2671,7,975.13
2672,12,4904.26
2672,5,4680.72
2673,4,2115.08
2674,6,1832.45
2675,2,4177.79
2676,2,6676.64
2677,13,6803.92
2678,13,4402.44
2678,7,4110.47
2679,7,2674.96
2680,6,7653.1
2681,14,1881.0
2681,17,1842.8
2682,1,1115.88
2683,4,4229.51
2684,8,3648.86
2685,10,3799.5
2686,6,1674.97
2687,15,4106.81
2687,2,4124.11
2688,7,2166.72
2689,15,8752.64
2690,11,4582.17
2691,16,3840.79
2692,7,3259.85
2693,11,19680.67
2693,4,18614.13
2694,16,8201.12
2695,12,753.13
2696,16,1980.83
2696,1,1915.06
2697,9,1311.24
2698,15,2045.47
2699,15,1688.92
2699,8,1826.32
2700,10,1761.37
2701,17,2691.18
2702,13,1935.53
2703,9,2513.98
2703,16,2646.26
2704,2,2028.02
2705,18,10982.45
2706,2,1823.23
2706,10,1863.23
2707,4,1539.55
2708,5,5006.59
2709,14,556.63
2710,14,1589.58
2711,18,3095.94
2712,4,4239.78
2713,11,2113.56
2713,8,2191.42
2714,13,1510.97
2715,15,4163.87
2716,4,1894.41
2717,14,707.66
2717,17,666.79
2718,8,780.08
2719,4,1030.91
2720,3,1371.06
2721,9,2613.56
2722,1,5508.96
2723,7,1007.7
2723,13,1031.6
2724,12,1617.16
2725,17,3205.3
2725,4,3023.91
2726,6,4118.44
2726,13,3835.95
2727,1,1652.08
2727,7,1759.68
2728,1,14285.64
2729,15,876.66
2730,4,619.51
2731,11,4861.0
2731,4,4720.89
2732,11,6752.17
2733,9,3283.11
2734,4,2665.22
2734,13,2536.13
2735,1,3087.93
2736,15,10862.51
2736,18,11509.63
2737,2,1833.89
2737,13,1860.43
2738,1,7823.56
2739,6,8463.61
2740,16,6465.2
2740,17,6760.07
2741,2,7258.77
2742,15,1994.13
2743,1,6810.19
2743,6,6409.3
2744,15,12887.27
2745,12,3909.79
2746,15,6953.79
2746,6,6962.78
2747,16,29123.68
2747,4,28784.92
2748,1,2852.56
2749,16,5497.61
2750,8,5303.18
2750,12,5240.21
2751,3,10772.94
2752,8,17781.74
2752,1,18278.45
2753,6,15487.6
2753,7,15456.99
2754,5,1921.9
2755,13,5306.83
2755,8,4904.63
2756,3,595.62
2757,13,14353.32
2758,18,3509.8
2759,5,2148.7
2760,17,7191.17
2761,7,1819.44
2762,8,7808.93
2763,14,3312.77
2763,15,3548.63
2764,16,12616.03
2765,3,5314.01
2766,7,11844.71
2767,7,2033.9
2768,16,11031.17
2769,9,18252.1
2770,6,14712.61
2771,5,8759.06
2771,4,8166.09
2772,10,30043.4
2772,17,31321.97
2773,16,13785.8
2774,9,6179.94
2775,18,6649.05
2775,14,6582.31
2776,16,5511.42
2777,2,5094.42
2777,16,4925.2
2778,14,11255.63
2779,7,5785.56
2779,4,5987.41
2780,4,11086.72
2781,13,7111.0
2781,16,7254.8
2782,6,9936.13
2782,8,10175.62
2783,14,2229.67
2784,17,7030.58
2785,4,13804.04
2786,4,4511.28
2787,16,6182.91
2788,9,4618.66
2789,6,6018.59
2790,2,5524.45
2791,16,9026.36
2791,17,9624.95
2792,3,20223.07
2792,5,20086.86
2793,13,10622.91
2794,10,8193.17
2795,10,6414.06
2796,11,16128.28
2797,11,27401.29
2798,11,6415.28
2799,15,8841.69
2800,2,11540.64
2801,12,5118.85
2802,15,24687.31
2803,4,6120.21
2804,16,15548.89
2805,17,6755.81
2805,4,6310.67
2806,4,33178.01
2806,17,33829.63
2807,1,6357.53
2807,13,6076.73
2808,3,12699.97
2809,16,9245.8
2809,18,9774.87
2810,9,7184.4
2811,6,12463.58
2812,15,25150.47
2813,17,12326.34
2814,1,4161.73
2815,11,12695.54
2816,17,1414.71
2817,13,9816.48
2818,10,5484.72
2819,9,5522.02
2819,18,5732.8
2820,17,7159.13
2821,14,2283.15
2821,3,2170.09
2822,8,15207.9
2823,1,10055.85
2824,12,3294.1
2825,12,3481.13
2826,2,2375.07
2827,3,8211.07
2827,16,8121.66
2828,17,9972.52
2829,10,6417.07
2830,12,8208.42
2830,7,8341.34
2831,6,12571.86
2832,10,23665.35
2833,7,35733.71
2833,9,34054.65
2834,8,5221.84
2834,11,5329.45
2835,15,11775.27
2835,3,12180.95
2836,12,4312.14
2836,13,4208.15
2837,3,7184.61
2837,5,7656.09
2838,8,63972.94
2839,15,13569.88
2840,6,38040.64
2841,13,4573.89
2842,10,10607.21
2842,11,10816.76
2843,10,8948.6
2844,10,17951.85
2845,12,15547.07
2846,8,11800.58
2847,11,14964.4
2847,16,14950.75
2848,16,19760.97
2848,13,19226.53
2849,7,5128.58
2849,10,5215.39
2850,9,13836.71
2851,3,12189.1
2852,3,8652.57
2853,13,13919.16
2854,5,6868.11
2854,13,6868.09
2855,13,11038.13
2856,1,12433.6
2856,9,12316.06
2857,8,8272.45
2858,2,1392.25
2859,17,4523.71
2860,4,9856.51
2860,18,10142.27
2861,5,4758.62
2862,8,8411.77
2863,3,11187.66
2863,5,11702.86
2864,18,19524.18
2864,17,18347.41
2865,18,33623.15
2866,5,26664.15
2867,17,37314.7
2868,17,7006.19
2869,14,5831.36
2869,9,6143.36
2870,2,12818.9
2871,13,13971.17
2872,6,18954.42
2872,9,19445.91
2873,11,5428.39
2873,18,5526.74
2874,17,18955.42
2875,6,4993.98
2875,2,5114.58
2876,12,12627.23
2876,10,13165.08
2877,17,4136.41
2878,4,11225.62
2878,14,11340.48
2879,14,9015.18
2880,13,10834.55
2881,2,8084.22
2882,5,10687.34
2883,15,6041.2
2884,10,8901.42
2884,6,9422.6
2885,8,19181.0
2886,6,11828.59
2887,11,24112.47
2888,6,15403.78
2888,17,15557.94
2889,7,16655.94
2890,17,43265.31
2891,8,9629.56
2891,13,8801.27
2892,1,43576.0
2893,17,11288.45
2894,3,35911.77
2894,17,35709.92
2895,8,16410.95
2895,1,16158.0
2896,15,13314.12
2897,16,10157.71
2898,9,5310.93
2899,18,7061.34
2900,15,14096.26
2901,10,8222.5
2902,14,17668.26
2903,3,22392.45
2904,2,28228.67
2905,2,6671.04
2906,7,21879.36
2907,18,16560.05
2908,3,10527.1
2909,17,4564.4
2910,11,6092.7
2911,10,17498.74
2912,3,4758.01
2912,17,4920.17
2913,8,44484.32
2914,9,2106.22
2915,5,8563.14
2916,8,12122.41
2917,14,20590.01
2917,2,21820.04
2918,16,14419.35
2919,14,7888.63
2920,8,1787.72
2921,5,9661.29
2922,11,14407.73
2923,5,28321.06
2924,12,3364.21
2925,17,13942.21
2926,14,22710.96
2927,17,13665.24
2928,3,26002.46
2929,11,19562.7
2930,3,9863.15
2931,1,16554.4
2931,13,17206.95
2932,11,12748.91
2933,10,8315.42
2934,12,6841.27
2935,11,23009.87
2936,16,33460.38
2937,13,13225.43
2937,9,12896.26
2938,16,9760.86
2939,12,5729.83
2940,18,11317.49
2941,15,11462.04
2942,16,12281.62
2943,7,9734.82
2944,14,8554.11
2945,2,4442.26
2946,10,31022.09
2947,1,6556.67
2948,9,5480.44
2949,1,11936.07
2950,13,12644.56
2950,6,12745.1
2951,13,45596.02
2952,11,15763.03
2953,14,13549.38
2953,4,13797.88
2954,18,9377.13
2955,14,21911.75
2955,3,22924.29
2956,18,16998.3
2957,8,17505.66
2958,12,16147.25
2959,8,9159.27
2960,5,6358.83
2960,15,6356.22
2961,5,18954.02
2962,18,5476.3
2963,4,8080.34
2964,14,11395.86
2965,7,23408.03
2966,2,16292.42
2966,16,15967.62
2967,18,10601.96
2967,11,10186.19
2968,8,7699.28
2969,4,14602.0
2970,12,17033.8
2970,16,16787.12
2971,4,6670.52
2971,11,6869.73
2972,15,10774.02
2973,13,13491.92
2974,15,5997.27
2975,3,12000.58
2976,15,9915.24
2976,6,9644.73
2977,14,79761.71
2978,10,11454.03
2979,5,8247.88
2980,1,13318.88
2980,12,13921.6
2981,5,13893.59
2982,11,10825.67
2983,6,19910.57
2983,2,19362.35
2984,15,16772.27
2985,7,3570.9
2986,18,13782.94
2987,8,24548.04
2987,10,24245.05
2988,1,8267.75
2988,15,8442.54
2989,3,36760.47
2990,1,16791.76
2990,9,16412.93
2991,14,14115.49
2992,6,1403.0
2993,4,9046.61
2994,9,15094.63
2995,12,12021.78
2995,11,10963.49
2996,12,19802.43
2996,11,18920.5
2997,12,91032.12
2997,11,87836.1
2998,15,12001.15
2999,6,21845.1
3000,18,6272.52
3000,3,5921.09
3001,8,13969.65
3002,8,8274.21
3003,13,42799.78
3004,18,77473.36
3004,4,75831.75
3005,7,11853.47
3006,16,3550.73
3007,16,10544.17
3008,7,30798.39
3008,1,29169.0
3009,17,40618.17
3010,10,9793.1
3011,2,14397.78
3012,12,12104.62
3013,3,11849.27
3013,18,12531.51
3014,2,43387.77
3015,12,13488.46
3016,18,12742.36
3017,14,27317.42
3018,1,39538.15
3019,10,12018.96
3020,4,27680.47
3021,18,17497.05
3021,16,18258.67
3022,8,4598.86
3023,1,9726.0
3024,3,5954.23
3024,6,5897.31
3025,13,6562.79
3026,17,6412.39
3026,14,6254.02
3027,4,5313.88
3027,12,5348.82
3028,2,23513.78
3029,2,17709.82
3029,14,17494.68
3030,6,32499.33
3030,4,33326.81
3031,9,11388.41
3032,1,20002.52
3033,4,13662.64
3034,16,10249.12
3035,4,34631.63
3036,5,15776.67
3037,6,13255.49
3037,4,13424.19
3038,16,20544.88
3039,4,14280.15
3040,9,9545.83
3041,16,10329.27
3042,3,19248.28
3042,17,20167.1
3043,15,16629.73
3044,1,17816.69
3045,11,24817.51
3046,8,26054.29
3047,5,12578.19
3048,3,14404.51
3048,16,14613.73
3049,3,15839.69
3050,15,4476.31
3050,9,4190.65
3051,4,10979.54
3052,3,25440.01
3053,12,4979.09
3053,15,4932.88
3054,7,14550.32
3054,2,13447.58
3055,5,16057.28
3056,2,6464.29
3057,6,7258.09
3058,6,6805.25
3059,11,1768.78
3060,9,3644.91
3061,2,12639.49
3062,17,5343.77
3062,1,5338.81
3063,5,6957.87
3063,2,6583.9
3064,15,7989.64
3065,12,5922.61
3065,16,6281.28
3066,2,1928.69
3066,10,1916.61
3067,14,4546.24
3068,17,18515.89
3069,9,5655.74
3070,3,2879.19
3070,7,2856.07
3071,3,5712.23
3072,15,10101.2
3072,16,9885.83
3073,13,3983.27
3074,10,7763.59
3075,15,11833.73
3076,4,8795.05
3077,8,30796.27
3078,12,9445.62
3078,9,9416.54
3079,8,1479.09
3080,5,8412.71
3081,1,7465.5
3082,16,8176.23
3083,17,7358.54
3084,15,2283.28
3085,17,7780.0
3086,18,15223.52
3087,8,3709.61
3087,7,3686.51
3088,6,5543.18
3089,18,27549.62
3089,3,27586.17
3090,6,2867.92
3090,7,3118.16
3091,5,5036.06
3092,6,5798.85
3092,10,6044.61
3093,16,10369.52
3094,12,18312.65
3095,13,14988.16
3096,14,2116.32
3097,10,5003.57
3098,2,578.12
3098,10,565.85
3099,12,11394.65
3100,7,3104.18
3100,14,3321.13
3101,3,1686.34
3102,10,9471.52
3103,1,2278.36
3103,14,2263.72
3104,10,8740.78
3105,8,2949.48
3106,8,12328.08
3107,3,6321.41
3108,6,9212.75
3109,18,1988.61
3110,17,11898.47
3111,13,20068.36
3111,10,19618.35
3112,1,12944.54
3112,2,13662.29
3113,8,10231.58
3114,13,28248.0
3115,16,12259.57
3116,15,6937.22
3116,9,7467.11
3117,13,6946.01
3117,7,6832.98
3118,5,4874.84
3118,17,4914.56
3119,7,5155.56
3119,3,5491.29
3120,7,12370.0
3121,16,5621.74
3122,17,12261.1
3122,16,12248.36
3123,9,7020.69
3124,16,8722.78
3125,11,2135.26
3126,10,6385.41
3127,5,12444.62
3128,17,4376.11
3129,4,5882.09
3130,4,5758.45
3131,16,5884.32
3132,16,5118.97
3133,11,9974.68
3133,5,9780.69
3134,4,17310.55
3134,13,18231.96
3135,15,9413.93
3136,18,9602.49
3137,13,7118.01
3138,14,16994.31
3139,1,33555.36
3140,2,5707.2
3141,13,7796.62
3142,17,14167.75
3143,17,4971.93
3144,12,21985.58
3145,2,4975.71
3146,6,13694.37
3146,13,13254.43
3147,9,6996.08
3147,14,7553.89
3148,18,30418.42
3149,13,6213.49
3149,17,6607.14
3150,18,13983.76
3151,4,10152.46
3152,5,6502.97
3153,18,13943.8
3153,3,13930.74
3154,14,23405.91
3154,17,24626.19
3155,13,11933.82
3156,6,5129.97
3157,8,14928.2
3158,16,1137.84
3158,11,1162.09
3159,18,11056.75
3160,5,5810.75
3161,17,6052.11
3162,15,5903.09
3163,4,1852.76
3164,9,16883.64
3164,3,17379.51
3165,5,8681.58
3166,11,3388.31
3167,9,4402.11
3167,4,4267.64
3168,18,1846.84
3169,6,8787.19
3169,12,8290.89
3170,17,11576.63
3170,15,11565.87
3171,1,6425.77
3172,3,8699.93
3173,15,11958.69
3173,17,11857.74
3174,1,20279.49
3175,14,36027.85
3176,8,4973.61
3176,10,5134.23
3177,4,12818.03
3178,16,4284.01
3179,13,6984.98
3180,11,77606.08
3180,15,73240.77
3181,2,10875.0
3181,10,11381.84
3182,12,37575.19
3183,6,4634.12
3184,4,9171.96
3185,9,7848.0
3186,10,15367.31
3186,4,15683.83
3187,11,14718.35
3188,18,12704.05
3188,9,12715.95
3189,18,15553.13
3190,14,21736.27
3191,15,4966.78
3192,11,15853.74
3193,3,13531.76
3193,4,13199.63
3194,7,8669.75
3195,9,13902.63
3196,7,6225.59
3197,3,15092.37
3198,10,14929.64
3199,6,7944.66
3200,10,1570.18
3200,1,1642.39
3201,10,5138.41
3201,18,5413.27
3202,9,11140.45
3203,5,3911.29
3203,15,3874.4
3204,5,10071.65
3204,10,9984.32
3205,12,11368.93
3206,15,19747.46
3207,6,39913.42
3208,11,27691.79
3209,13,33623.86
3210,1,6956.45
3210,18,6442.18
3211,15,5444.28
3212,17,13337.65
3213,12,11617.77
3214,9,17090.45
3214,4,18321.07
3215,10,4541.17
3216,5,17850.31
3216,15,16476.42
3217,10,4068.93
3217,18,3924.49
3218,2,11028.22
3218,14,10728.67
3219,11,4610.04
3220,17,13797.46
3221,17,8850.66
3221,2,8245.22
3222,12,10205.46
3222,14,10225.05
3223,6,6771.79
3224,15,7953.34
3225,17,5700.99
3226,7,11557.65
3227,10,20666.21
3228,11,10609.21
3229,16,22482.27
3230,1,14929.68
3230,10,15148.1
3231,3,15401.82
3231,11,15442.86
3232,13,40448.41
3233,7,8660.18
3233,1,8690.15
3234,7,36109.11
3235,17,10370.56
3235,16,10629.3
3236,2,33429.4
3237,8,17337.72
3238,5,13383.59
3239,2,9873.42
3240,9,5759.82
3240,4,6021.75
3241,11,6955.5
3242,15,16415.38
3243,16,8814.39
3244,8,16810.28
3245,18,27094.97
3246,15,26191.49
3247,7,6576.76
3247,4,6219.28
3248,4,25721.94
3248,5,25444.99
3249,16,16478.8
3249,8,16120.02
3250,9,11691.01
3251,2,4929.57
3252,5,5545.42
3252,4,5654.49
3253,18,20667.12
3254,10,5164.58
3255,5,39712.78
3256,4,1624.33
3257,13,10026.63
3258,6,10399.29
3258,1,10994.87
3259,3,19882.92
3259,6,18831.75
3260,3,14856.51
3261,14,6855.95
3261,15,7158.65
3262,7,1946.02
3263,16,9470.41
3264,12,11448.17
3265,17,27344.35
3265,6,27980.17
3266,14,3101.43
3266,16,2968.62
3267,17,15160.08
3267,7,14966.33
3268,12,21334.76
3268,3,21406.26
3269,7,13015.65
3270,16,23521.78
3271,17,16786.14
3272,4,9488.09
3273,12,16828.69
3274,14,12523.79
3275,9,10329.91
3275,15,10273.81
3276,18,7139.75
3277,6,22271.34
3278,8,34711.22
3278,1,34559.8
3279,3,11501.38
3280,16,10018.2
3280,12,9836.89
3281,4,4936.25
3282,12,11529.9
3282,16,11694.0
3283,18,13707.67
3283,10,13857.9
3284,5,13718.22
3285,2,10144.81
3286,2,7024.67
3287,12,4126.96
3288,6,38860.8
3289,2,7204.74
3290,14,5099.67
3291,3,10186.08
3292,18,13097.09
3293,10,38197.87
3294,16,15480.68
3295,3,14688.4
3296,12,8164.96
3297,1,20852.81
3298,17,13567.89
3298,9,13950.41
3299,11,15962.06
3300,18,16412.92
3300,15,15104.6
3301,9,10201.5
3302,2,6823.45
3302,17,7052.99
3303,16,19531.4
3304,7,5244.73
3305,8,7873.72
3305,13,7688.15
3306,14,9736.19
3307,13,19818.41
3308,14,12671.03
3308,8,12874.65
3309,3,9701.71
3310,17,7569.93
3311,4,13627.01
3312,12,18808.77
3313,7,7236.35
3314,5,9525.08
3315,2,11029.83
3316,9,6423.85
3317,5,13486.01
3318,5,9453.38
3319,1,78987.62
3319,10,78139.47
3320,16,14625.61
3321,15,8487.65
3322,17,10374.9
3323,17,16065.12
3324,13,12354.53
3325,17,20048.85
3326,14,16249.1
3327,9,3749.39
3328,2,11743.26
3329,6,24237.1
3330,10,8821.86
3330,14,8921.9
3331,18,38599.84
3332,3,15718.67
3333,18,14650.18
3334,2,1212.04
3334,1,1187.69
3335,1,9846.76
3335,12,9379.09
3336,5,16760.28
3337,9,14744.07
3337,13,14195.83
3338,11,19785.41
3338,2,20229.15
3339,15,107612.85
3340,17,12962.76
3341,15,27873.88
3342,16,5817.62
3342,15,5519.37
3343,2,13654.52
3344,2,6888.44
3344,15,6811.58
3345,3,45449.1
3345,9,44626.99
3346,5,75658.03
3346,18,72948.18
3347,13,10592.86
3347,15,10854.06
3348,14,2852.29
3349,11,9187.37
3350,15,33930.12
3351,10,36109.63
3352,4,11379.56
3353,9,16348.84
3354,3,12821.41
3355,8,11576.92
3355,4,12023.8
3356,1,38049.64
3357,7,14044.48
3358,17,12227.25
3359,15,25497.75
3359,1,25834.81
3360,1,42510.62
3361,4,14716.69
3361,7,14381.75
3362,17,22402.62
3362,6,23271.56
3363,18,21171.76
3363,17,19795.25
3364,14,4522.89
3365,10,9918.52
3366,7,6068.69
3366,16,6295.46
3367,15,7044.09
3368,10,5891.75
3369,13,4185.45
3370,11,24529.18
3370,10,24568.89
3371,15,15641.49
3372,16,31638.87
3373,15,12645.02
3374,3,21554.09
3374,5,22314.54
3375,3,14626.25
3375,16,14448.6
3376,12,12429.34
3377,8,38125.37
3378,15,14449.61
3379,3,11970.73
3380,2,19826.14
3381,2,15365.51
3381,18,14808.48
3382,5,9876.62
3382,6,9990.96
3383,8,9032.64
3384,12,15894.15
3385,16,16122.29
3386,13,22058.65
3387,12,20467.82
3387,15,20148.03
3388,17,24344.52
3388,18,24403.24
3389,10,11047.24
3390,3,16193.78
3391,1,16061.41
3392,15,5007.8
3392,1,5344.45
3393,9,14447.6
3394,6,24536.87
3395,6,5849.99
3395,17,5911.16
3396,1,17101.95
3396,9,17325.12
3397,3,17343.62
3398,8,6418.3
3399,7,6698.7
3400,9,8189.78
3401,6,1760.06
3401,13,1643.67
3402,2,2825.22
3402,11,2671.62
3403,13,16421.56
3404,13,5377.89
3404,18,5476.71
3405,16,7077.24
3405,9,6771.93
3406,4,8001.42
3406,14,8175.53
3407,12,6625.69
3408,18,2369.71
3409,18,4784.28
3410,2,14471.65
3411,3,5507.57
3412,7,2426.88
3413,17,4387.41
3413,13,4535.07
3414,12,8577.95
3415,6,4716.0
3416,13,8993.26
3417,2,11708.0
3418,18,7528.71
3419,13,22921.19
3420,4,1024.5
3420,2,1009.59
3421,11,6416.17
3421,15,6415.0
3422,5,4583.27
3423,1,13689.54
3424,1,11116.2
3425,5,4634.02
3426,16,3753.54
3427,2,6989.51
3428,16,12115.88
3429,13,12393.53
3430,6,3252.71
3431,12,12056.62
3431,3,12331.42
3432,2,10961.47
3433,17,7004.61
3434,16,2343.91
3434,8,2268.6
3435,5,12766.19
3436,8,5013.68
3436,1,5053.61
3437,6,11712.41
3438,14,8629.61
3439,11,14088.62
3439,4,14821.59
3440,12,11728.53
3441,15,9450.56
3442,2,15360.23
3443,1,8534.78
3443,11,8529.56
3444,1,6094.42
3444,7,5934.52
3445,8,12248.06
3446,7,9809.56
3446,14,10476.57
3447,12,2898.98
3447,18,2798.29
3448,17,2422.41
3448,8,2361.88
3449,5,4133.91
3450,15,854.75
3450,10,894.1
3451,7,2041.88
3452,12,5716.84
3453,10,13860.59
3454,9,4123.7
3455,1,16209.86
3455,9,16651.01
3456,18,7635.92
3456,14,7649.51
3457,4,3349.89
3457,9,3288.33
3458,2,12229.16
3459,10,11335.29
3460,3,19696.87
3461,1,2832.57
3462,3,6266.67
3463,11,9741.73
3463,3,9992.74
3464,10,18769.93
3464,17,17375.67
3465,17,2232.41
3466,4,11813.22
3467,10,14812.98
3468,3,3623.66
3469,8,23072.94
3470,3,4379.26
3471,17,3662.07
3471,7,3710.38
3472,10,43879.1
3473,12,5936.79
3474,8,10313.16
3475,2,8115.96
3476,10,1331.74
3477,16,13841.86
3478,17,4328.97
3479,5,5871.79
3479,11,6429.26
3480,16,12275.27
3481,18,8575.01
3482,8,13478.41
3482,4,13327.45
3483,5,6257.4
3483,15,6272.66
3484,5,10637.64
3484,10,11513.9
3485,11,9281.36
3486,14,5537.2
3487,10,3246.07
3488,8,1071.37
3489,12,3967.81
3490,8,12609.57
3491,14,8321.28
3492,4,13854.58
3493,18,5485.85
3494,11,10663.86
3495,10,14019.56
3495,5,14990.76
3496,9,4312.46
3497,8,4500.64
3497,13,4482.71
3498,14,1749.23
3499,18,3717.8
3499,7,3935.95
3500,12,4665.1
3501,12,14070.08
3502,13,12414.81
3503,3,11494.08
3504,15,5966.38
3505,5,10525.66
3506,8,3470.19
3507,16,20994.68
3508,15,5086.55
3508,7,4916.28
3509,17,5155.91
3509,14,5502.53
3510,9,4551.68
3510,16,4302.7
3511,12,5609.19
3511,16,5413.82
3512,11,28504.72
3513,1,3566.23
3513,8,3673.14
3514,8,5365.29
3515,16,13648.74
3516,1,29444.11
3517,16,44838.96
3518,16,9145.78
3519,18,6602.33
3519,5,6377.68
3520,5,3233.56
3521,5,9186.33
3522,17,22305.33
3522,7,22071.88
3523,11,11029.91
3524,17,46588.69
3524,3,47081.55
3525,6,5184.61
3526,12,9374.52
3527,8,7417.38
3527,3,7364.28
3528,6,7050.32
3528,13,6814.92
3529,3,11447.73
3529,2,10807.74
3530,8,17981.61
3531,1,18735.65
3531,4,20281.36
3532,11,4977.06
3533,17,1914.69
3534,6,41309.59
3535,13,42643.43
3536,13,5915.06
3536,14,5960.51
3537,4,6304.14
3538,10,5831.91
3539,9,10030.14
3540,16,11481.9
3541,3,23830.92
3542,5,4978.18
3543,7,9239.86
3544,15,4216.73
3545,10,17605.79
3545,15,18596.44
3546,13,1707.03
3546,5,1821.46
3547,11,4170.57
3547,3,4071.45
3548,17,739.38
3549,7,4013.55
3550,18,5130.28
3550,6,5059.98
3551,12,2177.21
3551,3,2111.74
3552,13,11573.29
3552,3,12147.63
3553,9,12584.56
3553,18,12228.72
3554,18,10018.95
3555,5,8183.54
3556,15,10225.68
3557,4,3413.04
3558,6,5106.68
3559,14,6645.58
3560,7,19920.09
3560,6,18832.22
3561,15,16946.22
3562,10,16696.83
3563,5,7536.31
3563,1,7767.95
3564,18,1807.86
3564,12,1881.6
3565,14,10074.7
3566,3,12563.48
3567,6,10314.69
3568,5,20878.49
3569,15,14987.83
3569,11,15331.71
3570,16,19284.66
3571,1,8321.8
3572,12,5050.1
3573,8,5104.08
3574,16,8898.21
3575,3,1507.29
3576,15,4933.56
3577,16,29940.42
3577,15,29624.37
3578,1,45351.13
3579,1,3340.81
3579,15,3569.2
3580,16,20307.08
3581,8,3347.0
3582,3,15194.58
3583,9,11996.06
3584,1,13130.42
3585,14,0.0
3586,9,735.2
3587,17,4000.39
3588,10,2848.41
3589,5,3968.37
3590,13,14441.16
3590,14,15094.07
3591,4,18358.16
3592,8,8406.41
3593,5,17123.93
3594,1,1516.23
3594,17,1477.5
3595,17,7770.43
3596,7,5925.52
3597,7,5134.03
3598,10,9034.46
3599,3,617.64
3600,5,6014.79
3601,10,670.64
3602,13,4320.95
3603,4,10888.52
3604,7,6044.57
3604,3,6099.36
3605,9,2648.85
3606,4,4031.64
3606,18,4146.82
3607,5,17423.73
3608,3,1488.99
3609,9,15058.85
3609,12,15768.26
3610,13,5798.94
3610,8,5855.04
3611,16,16140.67
3612,9,1789.4
3612,12,1720.1
3613,7,2583.13
3614,7,2834.16
3615,8,4928.19
3616,14,1433.52
3617,17,4582.58
3618,4,5860.2
3619,1,17170.46
3620,17,2540.43
3621,14,3032.87
3621,18,3076.99
3622,14,2438.73
3623,6,1135.84
3624,10,16148.94
3625,6,5280.69
3625,7,5063.96
3626,4,2003.51
3627,7,7141.82
3628,9,10455.88
3629,5,3078.38
3629,15,3272.62
3630,15,10719.36
3631,15,2730.22
3632,1,3726.02
3632,8,3919.72
3633,10,12535.05
3633,3,11899.33
3634,9,5954.26
3634,8,6354.74
3635,1,18968.57
3636,13,1925.68
3636,15,1917.76
3637,2,12096.47
3638,14,13187.98
3638,9,12289.52
3639,2,1753.68
3639,17,1785.63
3640,13,7860.56
3641,10,9051.69
3641,12,9207.76
3642,11,13705.37
3643,8,8255.75
3644,2,20822.64
3645,18,6074.35
3646,9,27326.5
3647,14,16130.24
3647,5,15136.66
3648,3,8233.52
3648,4,8182.98
3649,12,9846.67
3650,4,3463.83
3651,6,8060.24
3652,13,19644.68
3653,7,7940.54
3653,5,7817.05
3654,16,19772.06
3655,8,15347.72
3656,4,10085.8
3656,15,10603.36
3657,1,7192.97
3658,15,15137.43
3658,5,14860.47
3659,8,2924.47
3659,5,3075.88
3660,11,9245.1
3661,13,8895.87
3662,18,15425.6
3663,17,23358.37
3664,14,4513.72
3665,15,8613.9
3666,9,15422.85
3667,12,17269.49
3667,10,18684.7
3668,12,19769.96
3668,9,19976.31
3669,10,5374.45
3670,8,5978.98
3671,14,8863.4
3672,5,19936.91
3672,17,19177.83
3673,12,7575.25
3674,7,2956.46
3675,18,4934.16
3675,15,4801.42
3676,9,13662.03
3676,6,13846.21
3677,7,8088.56
3678,10,10571.49
3679,8,12001.13
3679,2,11997.07
3680,11,12035.47
3681,14,7686.14
3682,11,6431.27
3683,8,14291.04
3684,7,22892.21
3684,1,22655.72
3685,2,32923.03
3686,1,14875.09
3687,2,42808.4
3688,8,6313.43
3688,5,6145.25
3689,3,6063.4
3689,14,5679.1
3690,17,21688.08
3691,1,15196.92
3692,12,17368.54
3693,6,9836.25
3694,8,22787.74
3695,12,14744.9
3696,9,2293.26
3697,11,8604.28
3698,9,1950.26
3699,15,4115.36
3700,16,1909.31
3701,3,5836.68
3702,1,17753.44
3702,8,16527.07
3703,13,5763.49
3704,16,2900.25
3704,5,2917.76
3705,10,7543.68
3706,10,13287.71
3707,4,4079.88
3708,5,1860.29
